Source,Destination,Driving Times
1,1,0
1,2,251
1,3,1331
1,4,1125
1,5,848
1,6,1116
1,7,1573
1,8,1421
1,9,1106
1,10,597
1,11,1166
1,12,1274
1,13,1344
1,14,1803
1,15,851
1,16,1294
1,17,1552
1,18,1065
1,19,804
1,20,1412
1,21,1143
1,22,1452
1,23,1248
1,24,883
1,25,1315
1,26,1607
1,27,696
1,28,1357
1,29,1117
1,30,709
1,31,720
1,32,1135
1,33,1372
1,34,1456
1,35,1211
1,36,708
1,37,990
1,38,1195
1,39,891
1,40,908
1,41,632
1,42,1271
1,43,1327
1,44,1568
1,45,1459
1,46,1275
1,47,835
1,48,1154
1,49,1335
1,50,1469
1,51,569
1,52,1287
1,53,1258
1,54,1184
1,55,757
1,56,1025
1,57,1025
2,1,239
2,2,0
2,3,1308
2,4,1228
2,5,951
2,6,1218
2,7,1676
2,8,1524
2,9,1209
2,10,700
2,11,1172
2,12,1377
2,13,1447
2,14,1905
2,15,954
2,16,1397
2,17,1655
2,18,1168
2,19,907
2,20,1515
2,21,1246
2,22,1554
2,23,1351
2,24,986
2,25,1418
2,26,1709
2,27,799
2,28,1459
2,29,1219
2,30,812
2,31,823
2,32,1238
2,33,1474
2,34,1558
2,35,1314
2,36,811
2,37,1093
2,38,1298
2,39,994
2,40,1010
2,41,735
2,42,1374
2,43,1429
2,44,1671
2,45,1562
2,46,1378
2,47,938
2,48,1257
2,49,1438
2,50,1572
2,51,671
2,52,1390
2,53,1360
2,54,1287
2,55,860
2,56,1128
2,57,1128
3,1,1278
3,2,1309
3,3,0
3,4,1063
3,5,1234
3,6,1445
3,7,1841
3,8,1599
3,9,1040
3,10,961
3,11,637
3,12,840
3,13,933
3,14,1605
3,15,1243
3,16,1623
3,17,1390
3,18,1120
3,19,1226
3,20,1154
3,21,797
3,22,1176
3,23,935
3,24,1240
3,25,1644
3,26,1659
3,27,1299
3,28,946
3,29,1066
3,30,1148
3,31,1244
3,32,1306
3,33,961
3,34,1723
3,35,1540
3,36,915
3,37,1398
3,38,1424
3,39,1249
3,40,1260
3,41,1332
3,42,1631
3,43,1748
3,44,1492
3,45,1105
3,46,923
3,47,1066
3,48,1466
3,49,1422
3,50,1308
3,51,1003
3,52,1320
3,53,1311
3,54,1542
3,55,1190
3,56,1338
3,57,1355
4,1,1115
4,2,1229
4,3,1033
4,4,0
4,5,1075
4,6,952
4,7,1148
4,8,704
4,9,25
4,10,637
4,11,719
4,12,589
4,13,700
4,14,912
4,15,808
4,16,831
4,17,1131
4,18,154
4,19,784
4,20,462
4,21,286
4,22,558
4,23,276
4,24,490
4,25,878
4,26,966
4,27,1015
4,28,594
4,29,71
4,30,806
4,31,1039
4,32,340
4,33,602
4,34,1031
4,35,803
4,36,665
4,37,432
4,38,529
4,39,610
4,40,601
4,41,951
4,42,727
4,43,861
4,44,799
4,45,561
4,46,375
4,47,491
4,48,596
4,49,526
4,50,589
4,51,599
4,52,424
4,53,415
4,54,1384
4,55,1031
4,56,372
4,57,1017
5,1,829
5,2,943
5,3,1260
5,4,1114
5,5,0
5,6,906
5,7,1353
5,8,1333
5,9,1096
5,10,644
5,11,861
5,12,970
5,13,1040
5,14,1593
5,15,704
5,16,1084
5,17,1333
5,18,1054
5,19,687
5,20,1249
5,21,941
5,22,1177
5,23,1085
5,24,929
5,25,1105
5,26,1397
5,27,617
5,28,1052
5,29,1106
5,30,609
5,31,268
5,32,1182
5,33,1067
5,34,1236
5,35,1001
5,36,899
5,37,1037
5,38,1107
5,39,938
5,40,835
5,41,357
5,42,1182
5,43,1117
5,44,1359
5,45,1184
5,46,1001
5,47,927
5,48,1201
5,49,1382
5,50,1415
5,51,615
5,52,1199
5,53,1304
5,54,775
5,55,218
5,56,1072
5,57,815
6,1,1067
6,2,1181
6,3,1522
6,4,1124
6,5,949
6,6,0
6,7,843
6,8,623
6,9,1105
6,10,881
6,11,1123
6,12,1231
6,13,1301
6,14,901
6,15,638
6,16,353
6,17,945
6,18,939
6,19,622
6,20,965
6,21,1202
6,22,964
6,23,1216
6,24,811
6,25,374
6,26,811
6,27,726
6,28,1314
6,29,1116
6,30,656
6,31,821
6,32,741
6,33,1329
6,34,725
6,35,270
6,36,1173
6,37,805
6,38,766
6,39,971
6,40,880
6,41,733
6,42,580
6,43,386
6,44,724
6,45,1367
6,46,1218
6,47,1161
6,48,760
6,49,941
6,50,915
6,51,853
6,52,733
6,53,789
6,54,1234
6,55,858
6,56,788
6,57,229
7,1,1429
7,2,1544
7,3,1784
7,4,1126
7,5,1312
7,6,751
7,7,0
7,8,867
7,9,1103
7,10,1244
7,11,1205
7,12,1261
7,13,1229
7,14,724
7,15,1075
7,16,860
7,17,584
7,18,1187
7,19,1058
7,20,797
7,21,1083
7,22,873
7,23,1048
7,24,1165
7,25,751
7,26,578
7,27,1162
7,28,1243
7,29,1129
7,30,1092
7,31,1183
7,32,992
7,33,1256
7,34,408
7,35,807
7,36,1432
7,37,1225
7,38,1067
7,39,1325
7,40,1239
7,41,1095
7,42,995
7,43,674
7,44,520
7,45,1210
7,46,1066
7,47,1291
7,48,1100
7,49,1167
7,50,739
7,51,1215
7,52,979
7,53,1035
7,54,1597
7,55,1221
7,56,1200
7,57,673
8,1,1389
8,2,1503
8,3,1668
8,4,843
8,5,1323
8,6,561
8,7,903
8,8,0
8,9,824
8,10,911
8,11,1266
8,12,1094
8,13,1036
8,14,795
8,15,848
8,16,497
8,17,1013
8,18,658
8,19,848
8,20,681
8,21,967
8,22,681
8,23,932
8,24,635
8,25,439
8,26,703
8,27,1100
8,28,1142
8,29,834
8,30,895
8,31,1195
8,32,462
8,33,1064
8,34,786
8,35,469
8,36,1090
8,37,695
8,38,537
8,39,795
8,40,710
8,41,1107
8,42,469
8,43,470
8,44,616
8,45,1060
8,46,934
8,47,1025
8,48,570
8,49,700
8,50,631
8,51,873
8,52,449
8,53,505
8,54,1608
8,55,1232
8,56,676
8,57,632
9,1,1090
9,2,1204
9,3,1008
9,4,23
9,5,1050
9,6,927
9,7,1123
9,8,679
9,9,0
9,10,612
9,11,694
9,12,564
9,13,675
9,14,887
9,15,783
9,16,806
9,17,1106
9,18,129
9,19,759
9,20,437
9,21,260
9,22,533
9,23,251
9,24,465
9,25,853
9,26,941
9,27,990
9,28,569
9,29,46
9,30,781
9,31,1014
9,32,315
9,33,577
9,34,1006
9,35,778
9,36,640
9,37,407
9,38,504
9,39,585
9,40,576
9,41,926
9,42,701
9,43,836
9,44,774
9,45,536
9,46,350
9,47,466
9,48,571
9,49,501
9,50,564
9,51,574
9,52,399
9,53,390
9,54,1359
9,55,1006
9,56,346
9,57,992
10,1,563
10,2,677
10,3,973
10,4,606
10,5,615
10,6,888
10,7,1345
10,8,902
10,9,587
10,10,0
10,11,574
10,12,683
10,13,753
10,14,1381
10,15,603
10,16,857
10,17,1175
10,18,546
10,19,458
10,20,953
10,21,685
10,22,890
10,23,789
10,24,364
10,25,904
10,26,1289
10,27,463
10,28,765
10,29,598
10,30,481
10,31,487
10,32,616
10,33,780
10,34,1228
10,35,828
10,36,261
10,37,472
10,38,676
10,39,372
10,40,385
10,41,399
10,42,752
10,43,994
10,44,1201
10,45,897
10,46,714
10,47,361
10,48,636
10,49,816
10,50,950
10,51,44
10,52,769
10,53,739
10,54,1131
10,55,524
10,56,506
10,57,797
11,1,1105
11,2,1219
11,3,723
11,4,639
11,5,849
11,6,1060
11,7,1294
11,8,1155
11,9,617
11,10,576
11,11,0
11,12,202
11,13,382
11,14,1058
11,15,858
11,16,1359
11,17,898
11,18,697
11,19,842
11,20,608
11,21,396
11,22,517
11,23,482
11,24,856
11,25,1281
11,26,1112
11,27,915
11,28,316
11,29,643
11,30,763
11,31,859
11,32,883
11,33,410
11,34,1177
11,35,1155
11,36,531
11,37,975
11,38,981
11,39,864
11,40,876
11,41,947
11,42,1254
11,43,1201
11,44,945
11,45,458
11,46,329
11,47,680
11,48,1023
11,49,978
11,50,757
11,51,618
11,52,886
11,53,867
11,54,1158
11,55,805
11,56,914
11,57,970
12,1,1201
12,2,1257
12,3,794
12,4,620
12,5,945
12,6,1156
12,7,1275
12,8,1059
12,9,597
12,10,673
12,11,293
12,12,0
12,13,368
12,14,1039
12,15,954
12,16,1273
12,17,994
12,18,677
12,19,938
12,20,589
12,21,376
12,22,498
12,23,463
12,24,1013
12,25,1185
12,26,1093
12,27,1011
12,28,219
12,29,624
12,30,859
12,31,955
12,32,864
12,33,395
12,34,1157
12,35,1244
12,36,627
12,37,955
12,38,961
12,39,960
12,40,972
12,41,1043
12,42,1168
12,43,1182
12,44,926
12,45,348
12,46,310
12,47,751
12,48,1003
12,49,959
12,50,662
12,51,714
12,52,866
12,53,848
12,54,1254
12,55,901
12,56,895
12,57,1066
13,1,1257
13,2,1371
13,3,973
13,4,705
13,5,1002
13,6,1176
13,7,1163
13,8,927
13,9,683
13,10,729
13,11,422
13,12,381
13,13,0
13,14,927
13,15,1010
13,16,1132
13,17,1146
13,18,763
13,19,994
13,20,606
13,21,462
13,22,397
13,23,548
13,24,1007
13,25,1053
13,26,981
13,27,1067
13,28,306
13,29,709
13,30,915
13,31,1011
13,32,834
13,33,228
13,34,1045
13,35,1103
13,36,683
13,37,1041
13,38,909
13,39,1016
13,40,1082
13,41,1100
13,42,1027
13,43,1084
13,44,814
13,45,397
13,46,395
13,47,801
13,48,942
13,49,976
13,50,530
13,51,771
13,52,704
13,53,876
13,54,1310
13,55,958
13,56,980
13,57,1122
14,1,1759
14,2,1873
14,3,1573
14,4,915
14,5,1599
14,6,858
14,7,719
14,8,859
14,9,893
14,10,1281
14,11,1181
14,12,1051
14,13,1018
14,14,0
14,15,1219
14,16,852
14,17,401
14,18,973
14,19,1218
14,20,586
14,21,873
14,22,662
14,23,838
14,24,1005
14,25,743
14,26,620
14,27,1376
14,28,1032
14,29,919
14,30,1265
14,31,1471
14,32,832
14,33,1046
14,34,684
14,35,800
14,36,1222
14,37,1065
14,38,907
14,39,1166
14,40,1080
14,41,1383
14,42,988
14,43,654
14,44,453
14,45,999
14,46,855
14,47,1081
14,48,940
14,49,956
14,50,528
14,51,1243
14,52,702
14,53,846
14,54,1907
14,55,1508
14,56,1040
14,57,887
15,1,782
15,2,897
15,3,1284
15,4,890
15,5,712
15,6,586
15,7,1043
15,8,865
15,9,871
15,10,563
15,11,885
15,12,994
15,13,1064
15,14,1273
15,15,0
15,16,820
15,17,1023
15,18,830
15,19,236
15,20,964
15,21,965
15,22,963
15,23,1087
15,24,467
15,25,785
15,26,1077
15,27,412
15,28,1076
15,29,882
15,30,152
15,31,583
15,32,651
15,33,1091
15,34,926
15,35,681
15,36,743
15,37,559
15,38,640
15,39,577
15,40,367
15,41,495
15,42,715
15,43,797
15,44,1039
15,45,1209
15,46,1025
15,47,770
15,48,673
15,49,847
15,50,913
15,51,525
15,52,732
15,53,762
15,54,997
15,55,621
15,56,658
15,57,496
16,1,1242
16,2,1357
16,3,1785
16,4,887
16,5,1125
16,6,280
16,7,893
16,8,468
16,9,869
16,10,859
16,11,1437
16,12,1266
16,13,1208
16,14,785
16,15,787
16,16,0
16,17,1003
16,18,702
16,19,786
16,20,853
16,21,1021
16,22,852
16,23,1026
16,24,574
16,25,193
16,26,693
16,27,902
16,28,1163
16,29,879
16,30,833
16,31,996
16,32,504
16,33,1236
16,34,775
16,35,117
16,36,1038
16,37,568
16,38,529
16,39,734
16,40,648
16,41,908
16,42,343
16,43,313
16,44,605
16,45,1130
16,46,998
16,47,924
16,48,524
16,49,704
16,50,803
16,51,821
16,52,621
16,53,627
16,54,1410
16,55,1034
16,56,551
16,57,294
17,1,1451
17,2,1566
17,3,1398
17,4,1126
17,5,1334
17,6,1032
17,7,569
17,8,1070
17,9,1104
17,10,1110
17,11,848
17,12,901
17,13,964
17,14,415
17,15,1082
17,16,1063
17,17,0
17,18,1184
17,19,1066
17,20,797
17,21,1084
17,22,873
17,23,1049
17,24,1216
17,25,954
17,26,747
17,27,1170
17,28,977
17,29,1130
17,30,1099
17,31,1205
17,32,1043
17,33,992
17,34,555
17,35,1011
17,36,1064
17,37,1276
17,38,1118
17,39,1377
17,40,1291
17,41,1117
17,42,1199
17,43,865
17,44,658
17,45,1210
17,46,1066
17,47,1292
17,48,1151
17,49,1167
17,50,739
17,51,1151
17,52,913
17,53,1056
17,54,1619
17,55,1243
17,56,1251
17,57,954
18,1,992
18,2,1106
18,3,1083
18,4,185
18,5,952
18,6,820
18,7,1158
18,8,571
18,9,166
18,10,514
18,11,747
18,12,695
18,13,807
18,14,1019
18,15,685
18,16,676
18,17,1237
18,18,0
18,19,661
18,20,568
18,21,392
18,22,634
18,23,382
18,24,366
18,25,698
18,26,958
18,27,892
18,28,701
18,29,177
18,30,683
18,31,916
18,32,175
18,33,708
18,34,1041
18,35,647
18,36,541
18,37,308
18,38,364
18,39,487
18,40,478
18,41,828
18,42,571
18,43,729
18,44,871
18,45,667
18,46,481
18,47,367
18,48,393
18,49,413
18,50,622
18,51,476
18,52,440
18,53,322
18,54,1260
18,55,908
18,56,248
18,57,862
19,1,784
19,2,898
19,3,1286
19,4,792
19,5,713
19,6,623
19,7,1080
19,8,712
19,9,773
19,10,465
19,11,887
19,12,995
19,13,1065
19,14,1190
19,15,277
19,16,666
19,17,1060
19,18,694
19,19,0
19,20,810
19,21,999
19,22,809
19,23,989
19,24,325
19,25,713
19,26,1098
19,27,413
19,28,1078
19,29,784
19,30,153
19,31,585
19,32,497
19,33,1093
19,34,963
19,35,638
19,36,645
19,37,405
19,38,486
19,39,478
19,40,269
19,41,497
19,42,561
19,43,803
19,44,1011
19,45,1119
19,46,987
19,47,672
19,48,519
19,49,693
19,50,760
19,51,427
19,52,578
19,53,608
19,54,998
19,55,622
19,56,504
19,57,532
20,1,1325
20,2,1439
20,3,1394
20,4,604
20,5,1378
20,6,856
20,7,1145
20,8,607
20,9,581
20,10,847
20,11,981
20,12,851
20,13,915
20,14,910
20,15,847
20,16,735
20,17,1128
20,18,499
20,19,893
20,20,0
20,21,655
20,22,559
20,23,647
20,24,563
20,25,734
20,26,994
20,27,1099
20,28,795
20,29,638
20,30,894
20,31,1249
20,32,338
20,33,802
20,34,1028
20,35,706
20,36,1002
20,37,557
20,38,423
20,39,723
20,40,710
20,41,1161
20,42,630
20,43,765
20,44,796
20,45,762
20,46,630
20,47,828
20,48,465
20,49,421
20,50,510
20,51,809
20,52,328
20,53,310
20,54,1607
20,55,1287
20,56,540
20,57,921
21,1,1085
21,2,1116
21,3,775
21,4,295
21,5,836
21,6,1080
21,7,1100
21,8,832
21,9,272
21,10,563
21,11,471
21,12,341
21,13,452
21,14,865
21,15,1007
21,16,968
21,17,1083
21,18,352
21,19,983
21,20,414
21,21,0
21,22,380
21,23,138
21,24,689
21,25,958
21,26,919
21,27,901
21,28,346
21,29,299
21,30,749
21,31,845
21,32,539
21,33,354
21,34,983
21,35,940
21,36,514
21,37,631
21,38,657
21,39,809
21,40,800
21,41,934
21,42,864
21,43,989
21,44,752
21,45,313
21,46,126
21,47,418
21,48,698
21,49,654
21,50,542
21,51,605
21,52,552
21,53,543
21,54,1144
21,55,792
21,56,570
21,57,956
22,1,1443
22,2,1557
22,3,1177
22,4,543
22,5,1116
22,6,857
22,7,847
22,8,609
22,9,521
22,10,843
22,11,627
22,12,489
22,13,398
22,14,612
22,15,902
22,16,813
22,17,830
22,18,601
22,19,902
22,20,217
22,21,354
22,22,0
22,23,419
22,24,689
22,25,735
22,26,665
22,27,1154
22,28,504
22,29,547
22,30,949
22,31,1125
22,32,515
22,33,425
22,34,730
22,35,785
22,36,850
22,37,723
22,38,589
22,39,849
22,40,763
22,41,1161
22,42,709
22,43,766
22,44,498
22,45,460
22,46,331
22,47,709
22,48,624
22,49,587
22,50,212
22,51,927
22,52,386
22,53,476
22,54,1424
22,55,1072
22,56,706
22,57,928
23,1,1196
23,2,1310
23,3,903
23,4,272
23,5,999
23,6,1057
23,7,1050
23,8,809
23,9,250
23,10,726
23,11,561
23,12,431
23,13,542
23,14,814
23,15,984
23,16,946
23,17,1033
23,18,330
23,19,960
23,20,364
23,21,128
23,22,395
23,23,0
23,24,666
23,25,935
23,26,868
23,27,1064
23,28,437
23,29,276
23,30,982
23,31,1008
23,32,516
23,33,444
23,34,933
23,35,917
23,36,622
23,37,608
23,38,634
23,39,786
23,40,777
23,41,1127
23,42,841
23,43,957
23,44,701
23,45,403
23,46,217
23,47,480
23,48,676
23,49,632
23,50,491
23,51,775
23,52,530
23,53,521
23,54,1307
23,55,955
23,56,547
23,57,1136
24,1,840
24,2,954
24,3,1253
24,4,507
24,5,892
24,6,752
24,7,1219
24,8,632
24,9,488
24,10,362
24,11,854
24,12,963
24,13,1032
24,14,1110
24,15,486
24,16,587
24,17,1223
24,18,447
24,19,363
24,20,730
24,21,714
24,22,730
24,23,704
24,24,0
24,25,634
24,26,1018
24,27,603
24,28,999
24,29,499
24,30,385
24,31,764
24,32,340
24,33,1007
24,34,1101
24,35,558
24,36,541
24,37,195
24,38,406
24,39,193
24,40,180
24,41,676
24,42,482
24,43,724
24,44,931
24,45,966
24,46,803
24,47,427
24,48,359
24,49,540
24,50,680
24,51,324
24,52,498
24,53,463
24,54,1230
24,55,801
24,56,294
24,57,696
25,1,1352
25,2,1466
25,3,1717
25,4,903
25,5,1164
25,6,300
25,7,787
25,8,388
25,9,884
25,10,874
25,11,1315
25,12,1143
25,13,1085
25,14,679
25,15,802
25,16,159
25,17,897
25,18,718
25,19,802
25,20,730
25,21,1016
25,22,730
25,23,981
25,24,590
25,25,0
25,26,587
25,27,941
25,28,1191
25,29,895
25,30,849
25,31,1035
25,32,520
25,33,1113
25,34,670
25,35,106
25,36,1053
25,37,584
25,38,545
25,39,750
25,40,663
25,41,947
25,42,359
25,43,207
25,44,499
25,45,1109
25,46,983
25,47,940
25,48,539
25,49,720
25,50,680
25,51,836
25,52,498
25,53,554
25,54,1449
25,55,1073
25,56,566
25,57,322
26,1,1286
26,2,1400
26,3,1606
26,4,948
26,5,1168
26,6,533
26,7,430
26,8,529
26,9,925
26,10,1103
26,11,1214
26,12,1084
26,13,1051
26,14,507
26,15,857
26,16,522
26,17,696
26,18,850
26,19,841
26,20,619
26,21,905
26,22,695
26,23,870
26,24,827
26,25,413
26,26,0
26,27,945
26,28,1065
26,29,952
26,30,875
26,31,1039
26,32,654
26,33,1079
26,34,313
26,35,470
26,36,1255
26,37,887
26,38,729
26,39,987
26,40,902
26,41,951
26,42,658
26,43,337
26,44,193
26,45,1032
26,46,888
26,47,1114
26,48,762
26,49,892
26,50,561
26,51,1065
26,52,642
26,53,697
26,54,1453
26,55,1077
26,56,862
26,57,456
27,1,664
27,2,778
27,3,1257
27,4,1006
27,5,569
27,6,696
27,7,1153
27,8,1123
27,9,987
27,10,478
27,11,858
27,12,967
27,13,1036
27,14,1383
27,15,461
27,16,874
27,17,1133
27,18,945
27,19,414
27,20,1221
27,21,938
27,22,1221
27,23,1082
27,24,617
27,25,895
27,26,1187
27,27,0
27,28,1049
27,29,997
27,30,319
27,31,446
27,32,908
27,33,1064
27,34,1036
27,35,791
27,36,733
27,37,782
27,38,897
27,39,727
27,40,518
27,41,387
27,42,973
27,43,907
27,44,1149
27,45,1181
27,46,997
27,47,761
27,48,930
27,49,1104
27,50,1171
27,51,449
27,52,989
27,53,1019
27,54,1071
27,55,447
27,56,881
27,57,606
28,1,1370
28,2,1484
28,3,1086
28,4,600
28,5,1115
28,6,1272
28,7,1260
28,8,1024
28,9,578
28,10,842
28,11,535
28,12,405
28,13,346
28,14,1024
28,15,1123
28,16,1151
28,17,1243
28,18,658
28,19,1107
28,20,574
28,21,357
28,22,483
28,23,443
28,24,994
28,25,1150
28,26,1078
28,27,1180
28,28,0
28,29,604
28,30,1028
28,31,1124
28,32,754
28,33,248
28,34,1142
28,35,1123
28,36,796
28,37,936
28,38,840
28,39,1114
28,40,1105
28,41,1213
28,42,1047
28,43,1167
28,44,911
28,45,292
28,46,290
28,47,775
28,48,881
28,49,837
28,50,706
28,51,884
28,52,744
28,53,726
28,54,1423
28,55,1071
28,56,876
28,57,1235
29,1,1139
29,2,1253
29,3,962
29,4,174
29,5,988
29,6,870
29,7,1077
29,8,621
29,9,152
29,10,661
29,11,649
29,12,518
29,13,630
29,14,842
29,15,832
29,16,758
29,17,1060
29,18,178
29,19,808
29,20,391
29,21,215
29,22,487
29,23,205
29,24,514
29,25,747
29,26,896
29,27,1039
29,28,524
29,29,0
29,30,830
29,31,997
29,32,364
29,33,531
29,34,960
29,35,729
29,36,611
29,37,456
29,38,446
29,39,634
29,40,625
29,41,975
29,42,653
29,43,778
29,44,728
29,45,491
29,46,304
29,47,469
29,48,488
29,49,444
29,50,519
29,51,623
29,52,342
29,53,333
29,54,1296
29,55,944
29,56,395
29,57,944
30,1,679
30,2,793
30,3,1181
30,4,802
30,5,608
30,6,549
30,7,1006
30,8,859
30,9,783
30,10,475
30,11,782
30,12,890
30,13,960
30,14,1236
30,15,195
30,16,727
30,17,986
30,18,742
30,19,148
30,20,957
30,21,861
30,22,957
30,23,999
30,24,379
30,25,748
30,26,1040
30,27,308
30,28,973
30,29,794
30,30,0
30,31,480
30,32,644
30,33,988
30,34,889
30,35,644
30,36,655
30,37,544
30,38,633
30,39,489
30,40,279
30,41,392
30,42,709
30,43,760
30,44,1002
30,45,1105
30,46,921
30,47,682
30,48,667
30,49,841
30,50,907
30,51,437
30,52,726
30,53,756
30,54,893
30,55,517
30,56,642
30,57,459
31,1,587
31,2,701
31,3,1278
31,4,1132
31,5,403
31,6,924
31,7,1371
31,8,1408
31,9,1113
31,10,584
31,11,879
31,12,988
31,13,1057
31,14,1611
31,15,721
31,16,1102
31,17,1350
31,18,1072
31,19,705
31,20,1267
31,21,958
31,22,1195
31,23,1102
31,24,870
31,25,1123
31,26,1415
31,27,618
31,28,1070
31,29,1124
31,30,696
31,31,0
31,32,1122
31,33,1085
31,34,1253
31,35,1019
31,36,840
31,37,978
31,38,1182
31,39,878
31,40,895
31,41,326
31,42,1258
31,43,1134
31,44,1376
31,45,1202
31,46,1018
31,47,867
31,48,1141
31,49,1322
31,50,1456
31,51,556
31,52,1274
31,53,1245
31,54,722
31,55,312
31,56,1012
31,57,833
32,1,1181
32,2,1296
32,3,1296
32,4,540
32,5,1234
32,6,757
32,7,1047
32,8,535
32,9,521
32,10,704
32,11,884
32,12,753
32,13,803
32,14,811
32,15,704
32,16,591
32,17,1030
32,18,355
32,19,749
32,20,505
32,21,555
32,22,459
32,23,560
32,24,419
32,25,638
32,26,865
32,27,956
32,28,697
32,29,532
32,30,751
32,31,1105
32,32,0
32,33,704
32,34,929
32,35,563
32,36,883
32,37,413
32,38,279
32,39,579
32,40,566
32,41,1017
32,42,486
32,43,692
32,44,698
32,45,664
32,46,532
32,47,722
32,48,321
32,49,238
32,50,491
32,51,666
32,52,309
32,53,161
32,54,1464
32,55,1143
32,56,396
32,57,777
33,1,1152
33,2,1266
33,3,867
33,4,660
33,5,896
33,6,1107
33,7,1314
33,8,1122
33,9,637
33,10,624
33,11,317
33,12,276
33,13,350
33,14,1079
33,15,905
33,16,1327
33,17,997
33,18,717
33,19,889
33,20,629
33,21,416
33,22,537
33,23,502
33,24,903
33,25,1249
33,26,1133
33,27,962
33,28,254
33,29,663
33,30,810
33,31,906
33,32,903
33,33,0
33,34,1197
33,35,1298
33,36,578
33,37,995
33,38,1001
33,39,911
33,40,923
33,41,994
33,42,1222
33,43,1221
33,44,966
33,45,414
33,46,349
33,47,696
33,48,1043
33,49,999
33,50,725
33,51,665
33,52,906
33,53,888
33,54,1205
33,55,852
33,56,935
33,57,1017
34,1,1362
34,2,1476
34,3,1716
34,4,1058
34,5,1244
34,6,683
34,7,269
34,8,799
34,9,1035
34,10,1176
34,11,1199
34,12,1194
34,13,1161
34,14,686
34,15,1007
34,16,792
34,17,720
34,18,1120
34,19,991
34,20,729
34,21,1015
34,22,805
34,23,980
34,24,1097
34,25,683
34,26,511
34,27,1095
34,28,1175
34,29,1062
34,30,1024
34,31,1116
34,32,925
34,33,1189
34,34,0
34,35,740
34,36,1365
34,37,1157
34,38,999
34,39,1257
34,40,1172
34,41,1028
34,42,928
34,43,607
34,44,452
34,45,1142
34,46,998
34,47,1224
34,48,1032
34,49,1099
34,50,671
34,51,1148
34,52,912
34,53,967
34,54,1529
34,55,1153
34,56,1132
34,57,606
35,1,1175
35,2,1289
35,3,1630
35,4,854
35,5,1057
35,6,194
35,7,846
35,8,434
35,9,835
35,10,825
35,11,1231
35,12,1232
35,13,1175
35,14,738
35,15,753
35,16,110
35,17,956
35,18,669
35,19,730
35,20,820
35,21,988
35,22,819
35,23,993
35,24,541
35,25,104
35,26,646
35,27,834
35,28,1130
35,29,846
35,30,764
35,31,929
35,32,471
35,33,1202
35,34,728
35,35,0
35,36,1004
35,37,535
35,38,496
35,39,701
35,40,615
35,41,841
35,42,310
35,43,253
35,44,558
35,45,1097
35,46,965
35,47,891
35,48,490
35,49,671
35,50,769
35,51,787
35,52,588
35,53,594
35,54,1342
35,55,966
35,56,518
35,57,265
36,1,660
36,2,774
36,3,990
36,4,657
36,5,829
36,6,1040
36,7,1503
36,8,1132
36,9,638
36,10,315
36,11,591
36,12,700
36,13,770
36,14,1267
36,15,832
36,16,1040
36,17,1192
36,18,597
36,19,687
36,20,816
36,21,548
36,22,856
36,23,652
36,24,594
36,25,1087
36,26,1321
36,27,772
36,28,782
36,29,649
36,30,711
36,31,796
36,32,783
36,33,797
36,34,1385
36,35,1012
36,36,0
36,37,641
36,38,906
36,39,602
36,40,614
36,41,708
36,42,935
36,43,1177
36,44,1154
36,45,863
36,46,680
36,47,240
36,48,805
36,49,1021
36,50,944
36,51,356
36,52,998
36,53,930
36,54,1137
36,55,785
36,56,573
36,57,949
37,1,1010
37,2,1124
37,3,1425
37,4,528
37,5,1062
37,6,565
37,7,1067
37,8,484
37,9,509
37,10,532
37,11,990
37,12,860
37,13,910
37,14,918
37,15,570
37,16,399
37,17,1136
37,18,342
37,19,577
37,20,612
37,21,661
37,22,566
37,23,667
37,24,248
37,25,446
37,26,867
37,27,822
37,28,804
37,29,519
37,30,599
37,31,934
37,32,145
37,33,811
37,34,950
37,35,371
37,36,711
37,37,0
37,38,233
37,39,408
37,40,394
37,41,846
37,42,295
37,43,536
37,44,780
37,45,770
37,46,639
37,47,597
37,48,164
37,49,345
37,50,594
37,51,494
37,52,413
37,53,267
37,54,1330
37,55,971
37,56,224
37,57,585
38,1,1135
38,2,1249
38,3,1541
38,4,644
38,5,1069
38,6,737
38,7,1158
38,8,571
38,9,625
38,10,657
38,11,1103
38,12,973
38,13,1025
38,14,1050
38,15,594
38,16,571
38,17,1268
38,18,459
38,19,594
38,20,669
38,21,774
38,22,669
38,23,780
38,24,381
38,25,618
38,26,958
38,27,846
38,28,917
38,29,636
38,30,641
38,31,941
38,32,261
38,33,924
38,34,1041
38,35,543
38,36,836
38,37,441
38,38,0
38,39,541
38,40,456
38,41,853
38,42,466
38,43,708
38,44,870
38,45,883
38,46,752
38,47,722
38,48,283
38,49,457
38,50,619
38,51,619
38,52,438
38,53,380
38,54,1354
38,55,978
38,56,452
38,57,757
39,1,941
39,2,1055
39,3,1354
39,4,515
39,5,993
39,6,919
39,7,1386
39,8,799
39,9,497
39,10,463
39,11,955
39,12,1026
39,13,1137
39,14,1278
39,15,658
39,16,754
39,17,1496
39,18,455
39,19,553
39,20,898
39,21,722
39,22,897
39,23,713
39,24,267
39,25,801
39,26,1186
39,27,793
39,28,1031
39,29,507
39,30,575
39,31,865
39,32,514
39,33,1038
39,34,1269
39,35,725
39,36,585
39,37,369
39,38,574
39,39,0
39,40,370
39,41,777
39,42,649
39,43,891
39,44,1098
39,45,998
39,46,811
39,47,470
39,48,533
39,49,714
39,50,847
39,51,425
39,52,666
39,53,636
39,54,1509
39,55,902
39,56,467
39,57,868
40,1,867
40,2,981
40,3,1295
40,4,609
40,5,838
40,6,779
40,7,1311
40,8,724
40,9,590
40,10,403
40,11,896
40,12,1005
40,13,1074
40,14,1203
40,15,402
40,16,679
40,17,1216
40,18,549
40,19,257
40,20,822
40,21,815
40,22,822
40,23,806
40,24,186
40,25,726
40,26,1111
40,27,497
40,28,1087
40,29,601
40,30,278
40,31,710
40,32,495
40,33,1102
40,34,1193
40,35,650
40,36,583
40,37,350
40,38,498
40,39,295
40,40,0
40,41,622
40,42,574
40,43,816
40,44,1023
40,45,1091
40,46,905
40,47,529
40,48,514
40,49,695
40,50,772
40,51,365
40,52,591
40,53,621
40,54,1123
40,55,774
40,56,449
40,57,689
41,1,659
41,2,773
41,3,1377
41,4,1000
41,5,348
41,6,816
41,7,1273
41,8,1196
41,9,982
41,10,473
41,11,978
41,12,1086
41,13,1156
41,14,1503
41,15,531
41,16,994
41,17,1253
41,18,940
41,19,484
41,20,1294
41,21,1057
41,22,1293
41,23,1198
41,24,687
41,25,1015
41,26,1307
41,27,260
41,28,1169
41,29,992
41,30,389
41,31,235
41,32,1011
41,33,1184
41,34,1156
41,35,911
41,36,728
41,37,866
41,38,970
41,39,767
41,40,588
41,41,0
41,42,1045
41,43,1027
41,44,1269
41,45,1301
41,46,1117
41,47,756
41,48,1003
41,49,1177
41,50,1244
41,51,444
41,52,1062
41,53,1092
41,54,865
41,55,225
41,56,901
41,57,725
42,1,1258
42,2,1372
42,3,1706
42,4,808
42,5,1183
42,6,524
42,7,1027
42,8,443
42,9,790
42,10,780
42,11,1358
42,12,1187
42,13,1129
42,14,919
42,15,708
42,16,359
42,17,1137
42,18,623
42,19,707
42,20,774
42,21,942
42,22,774
42,23,948
42,24,496
42,25,406
42,26,827
42,27,960
42,28,1085
42,29,800
42,30,755
42,31,1054
42,32,426
42,33,1157
42,34,910
42,35,330
42,36,959
42,37,489
42,38,450
42,39,656
42,40,569
42,41,966
42,42,0
42,43,496
42,44,739
42,45,1051
42,46,920
42,47,845
42,48,445
42,49,625
42,50,724
42,51,742
42,52,542
42,53,548
42,54,1468
42,55,1092
42,56,472
42,57,545
43,1,1283
43,2,1397
43,3,1702
43,4,966
43,5,1165
43,6,302
43,7,694
43,8,462
43,9,947
43,10,1016
43,11,1310
43,12,1180
43,13,1147
43,14,584
43,15,855
43,16,332
43,17,802
43,18,781
43,19,838
43,20,716
43,21,1002
43,22,792
43,23,967
43,24,732
43,25,223
43,26,494
43,27,942
43,28,1162
43,29,957
43,30,872
43,31,1037
43,32,585
43,33,1175
43,34,576
43,35,280
43,36,1195
43,37,726
43,38,687
43,39,892
43,40,833
43,41,949
43,42,501
43,43,0
43,44,406
43,45,1128
43,46,984
43,47,1082
43,48,681
43,49,823
43,50,657
43,51,978
43,52,573
43,53,628
43,54,1450
43,55,1074
43,56,709
43,57,373
44,1,1446
44,2,1561
44,3,1418
44,4,760
44,5,1329
44,6,609
44,7,531
44,8,610
44,9,737
44,10,1184
44,11,1026
44,12,896
44,13,863
44,14,388
44,15,1018
44,16,603
44,17,607
44,18,817
44,19,1002
44,20,431
44,21,717
44,22,507
44,23,682
44,24,908
44,25,494
44,26,273
44,27,1106
44,28,877
44,29,764
44,30,1035
44,31,1200
44,32,735
44,33,890
44,34,414
44,35,551
44,36,1067
44,37,968
44,38,810
44,39,1068
44,40,983
44,41,1112
44,42,739
44,43,418
44,44,0
44,45,844
44,46,700
44,47,925
44,48,843
44,49,801
44,50,373
44,51,1146
44,52,547
44,53,778
44,54,1614
44,55,1238
44,56,943
44,57,617
45,1,1353
45,2,1467
45,3,1068
45,4,551
45,5,1097
45,6,1203
45,7,1140
45,8,955
45,9,529
45,10,825
45,11,518
45,12,340
45,13,329
45,14,905
45,15,1106
45,16,1159
45,17,1123
45,18,609
45,19,1090
45,20,455
45,21,308
45,22,363
45,23,394
45,24,945
45,25,1081
45,26,958
45,27,1163
45,28,286
45,29,555
45,30,1011
45,31,1107
45,32,741
45,33,230
45,34,1023
45,35,1131
45,36,779
45,37,887
45,38,827
45,39,1065
45,40,1056
45,41,1195
45,42,1055
45,43,1047
45,44,791
45,45,0
45,46,241
45,47,726
45,48,869
45,49,825
45,50,558
45,51,866
45,52,732
45,53,714
45,54,1406
45,55,1053
45,56,826
45,57,1226
46,1,1167
46,2,1281
46,3,916
46,4,365
46,5,911
46,6,1150
46,7,1170
46,8,902
46,9,342
46,10,638
46,11,415
46,12,285
46,13,396
46,14,935
46,15,920
46,16,1038
46,17,1153
46,18,422
46,19,904
46,20,484
46,21,122
46,22,392
46,23,208
46,24,758
46,25,1028
46,26,989
46,27,977
46,28,290
46,29,369
46,30,825
46,31,921
46,32,609
46,33,297
46,34,1053
46,35,1010
46,36,593
46,37,701
46,38,727
46,39,879
46,40,870
46,41,1009
46,42,934
46,43,1059
46,44,822
46,45,257
46,46,0
46,47,539
46,48,768
46,49,724
46,50,556
46,51,680
46,52,622
46,53,613
46,54,1220
46,55,867
46,56,640
46,57,1032
47,1,774
47,2,888
47,3,1050
47,4,480
47,5,808
47,6,1042
47,7,1346
47,8,1002
47,9,461
47,10,361
47,11,603
47,12,723
47,13,782
47,14,1110
47,15,810
47,16,877
47,17,1329
47,18,420
47,19,664
47,20,659
47,21,429
47,22,755
47,23,495
47,24,434
47,25,923
47,26,1164
47,27,750
47,28,775
47,29,472
47,30,688
47,31,774
47,32,606
47,33,782
47,34,1228
47,35,848
47,36,200
47,37,477
47,38,710
47,39,442
47,40,537
47,41,686
47,42,772
47,43,1014
47,44,997
47,45,742
47,46,555
47,47,0
47,48,641
47,49,844
47,50,787
47,51,334
47,52,831
47,53,753
47,54,1117
47,55,812
47,56,410
47,57,929
48,1,1162
48,2,1276
48,3,1455
48,4,557
48,5,1214
48,6,737
48,7,1160
48,8,574
48,9,539
48,10,684
48,11,1024
48,12,893
48,13,943
48,14,951
48,15,684
48,16,572
48,17,1170
48,18,372
48,19,729
48,20,645
48,21,695
48,22,599
48,23,700
48,24,400
48,25,619
48,26,960
48,27,936
48,28,837
48,29,549
48,30,731
48,31,1086
48,32,175
48,33,844
48,34,1043
48,35,543
48,36,863
48,37,393
48,38,260
48,39,560
48,40,546
48,41,998
48,42,467
48,43,709
48,44,838
48,45,804
48,46,672
48,47,739
48,48,0
48,49,378
48,50,624
48,51,646
48,52,443
48,53,301
48,54,1444
48,55,1123
48,56,376
48,57,758
49,1,1237
49,2,1351
49,3,1270
49,4,431
49,5,1197
49,6,1014
49,7,1235
49,8,766
49,9,412
49,10,759
49,11,968
49,12,838
49,13,912
49,14,999
49,15,930
49,16,902
49,17,1218
49,18,246
49,19,906
49,20,556
49,21,535
49,22,647
49,23,527
49,24,612
49,25,892
49,26,1053
49,27,1137
49,28,807
49,29,422
49,30,928
49,31,1161
49,32,557
49,33,814
49,34,1117
49,35,874
49,36,787
49,37,554
49,38,590
49,39,732
49,40,723
49,41,1073
49,42,797
49,43,923
49,44,886
49,45,773
49,46,545
49,47,613
49,48,632
49,49,0
49,50,668
49,51,721
49,52,486
49,53,477
49,54,1506
49,55,1153
49,56,494
49,57,1088
50,1,1261
50,2,1375
50,3,1251
50,4,593
50,5,1195
50,6,675
50,7,849
50,8,427
50,9,570
50,10,783
50,11,848
50,12,676
50,13,619
50,14,614
50,15,720
50,16,631
50,17,832
50,18,529
50,19,720
50,20,264
50,21,550
50,22,263
50,23,515
50,24,507
50,25,553
50,26,667
50,27,972
50,28,725
50,29,596
50,30,767
50,31,1067
50,32,333
50,33,647
50,34,732
50,35,603
50,36,962
50,37,567
50,38,409
50,39,667
50,40,582
50,41,979
50,42,527
50,43,584
50,44,500
50,45,643
50,46,517
50,47,758
50,48,442
50,49,571
50,50,0
50,51,745
50,52,204
50,53,376
50,54,1480
50,55,1104
50,56,542
50,57,746
51,1,517
51,2,632
51,3,1009
51,4,575
51,5,570
51,6,837
51,7,1295
51,8,871
51,9,556
51,10,36
51,11,611
51,12,719
51,13,789
51,14,1349
51,15,573
51,16,825
51,17,1211
51,18,515
51,19,426
51,20,989
51,21,721
51,22,968
51,23,772
51,24,333
51,25,872
51,26,1257
51,27,418
51,28,801
51,29,567
51,30,431
51,31,441
51,32,585
51,33,816
51,34,1177
51,35,797
51,36,298
51,37,440
51,38,645
51,39,341
51,40,353
51,41,353
51,42,721
51,43,963
51,44,1170
51,45,934
51,46,750
51,47,330
51,48,604
51,49,785
51,50,919
51,51,0
51,52,737
51,53,707
51,54,1086
51,55,479
51,56,475
51,57,747
52,1,1480
52,2,1594
52,3,1286
52,4,628
52,5,1312
52,6,895
52,7,885
52,8,646
52,9,605
52,10,1002
52,11,884
52,12,712
52,13,655
52,14,649
52,15,940
52,16,851
52,17,868
52,18,685
52,19,939
52,20,299
52,21,585
52,22,299
52,23,550
52,24,727
52,25,773
52,26,703
52,27,1192
52,28,760
52,29,632
52,30,987
52,31,1286
52,32,553
52,33,682
52,34,767
52,35,822
52,36,935
52,37,787
52,38,628
52,39,887
52,40,801
52,41,1198
52,42,746
52,43,804
52,44,536
52,45,678
52,46,553
52,47,794
52,48,661
52,49,669
52,50,249
52,51,964
52,52,0
52,53,596
52,54,1620
52,55,1268
52,56,762
52,57,966
53,1,1193
53,2,1307
53,3,1278
53,4,551
53,5,1245
53,6,714
53,7,1029
53,8,466
53,9,532
53,10,715
53,11,866
53,12,736
53,13,774
53,14,793
53,15,715
53,16,602
53,17,1012
53,18,366
53,19,760
53,20,418
53,21,537
53,22,418
53,23,542
53,24,431
53,25,592
53,26,852
53,27,967
53,28,679
53,29,543
53,30,762
53,31,1117
53,32,205
53,33,687
53,34,912
53,35,574
53,36,894
53,37,424
53,38,291
53,39,591
53,40,577
53,41,1029
53,42,498
53,43,623
53,44,680
53,45,646
53,46,514
53,47,733
53,48,333
53,49,288
53,50,368
53,51,677
53,52,186
53,53,0
53,54,1475
53,55,1154
53,56,407
53,57,788
54,1,1122
54,2,1236
54,3,1534
54,4,1388
54,5,750
54,6,1179
54,7,1626
54,8,1606
54,9,1369
54,10,1098
54,11,1135
54,12,1243
54,13,1313
54,14,1866
54,15,977
54,16,1357
54,17,1606
54,18,1328
54,19,961
54,20,1522
54,21,1214
54,22,1451
54,23,1358
54,24,1208
54,25,1379
54,26,1670
54,27,1071
54,28,1326
54,29,1380
54,30,882
54,31,723
54,32,1391
54,33,1341
54,34,1509
54,35,1274
54,36,1152
54,37,1300
54,38,1380
54,39,1392
54,40,1108
54,41,811
54,42,1456
54,43,1390
54,44,1632
54,45,1458
54,46,1274
54,47,1201
54,48,1413
54,49,1588
54,50,1688
54,51,1070
54,52,1472
54,53,1502
54,54,0
54,55,669
54,56,1526
54,57,1089
55,1,695
55,2,810
55,3,1235
55,4,1037
55,5,159
55,6,881
55,7,1328
55,8,1333
55,9,1019
55,10,510
55,11,837
55,12,945
55,13,1015
55,14,1568
55,15,708
55,16,1059
55,17,1308
55,18,977
55,19,661
55,20,1224
55,21,916
55,22,1153
55,23,1060
55,24,796
55,25,1081
55,26,1372
55,27,437
55,28,1028
55,29,1029
55,30,566
55,31,135
55,32,1048
55,33,1042
55,34,1211
55,35,976
55,36,765
55,37,903
55,38,1108
55,39,804
55,40,765
55,41,223
55,42,1183
55,43,1092
55,44,1334
55,45,1160
55,46,976
55,47,793
55,48,1067
55,49,1248
55,50,1381
55,51,481
55,52,1200
55,53,1170
55,54,676
55,55,0
55,56,938
55,57,791
56,1,958
56,2,1072
56,3,1278
56,4,380
56,5,1011
56,6,719
56,7,1221
56,8,638
56,9,361
56,10,480
56,11,942
56,12,890
56,13,1002
56,14,1072
56,15,595
56,16,553
56,17,1290
56,18,320
56,19,571
56,20,763
56,21,587
56,22,720
56,23,577
56,24,276
56,25,600
56,26,1021
56,27,811
56,28,896
56,29,372
56,30,593
56,31,882
56,32,299
56,33,903
56,34,1104
56,35,525
56,36,525
56,37,154
56,38,387
56,39,397
56,40,388
56,41,794
56,42,449
56,43,691
56,44,934
56,45,862
56,46,676
56,47,410
56,48,318
56,49,499
56,50,748
56,51,443
56,52,567
56,53,421
56,54,1355
56,55,920
56,56,0
56,57,740
57,1,947
57,2,1062
57,3,1402
57,4,1085
57,5,830
57,6,136
57,7,845
57,8,584
57,9,1067
57,10,762
57,11,1003
57,12,1112
57,13,1182
57,14,862
57,15,519
57,16,285
57,17,892
57,18,900
57,19,503
57,20,926
57,21,1083
57,22,926
57,23,1177
57,24,773
57,25,336
57,26,773
57,27,607
57,28,1194
57,29,1077
57,30,536
57,31,701
57,32,703
57,33,1209
57,34,727
57,35,231
57,36,1054
57,37,766
57,38,727
57,39,933
57,40,760
57,41,613
57,42,541
57,43,347
57,44,685
57,45,1328
57,46,1179
57,47,1045
57,48,722
57,49,902
57,50,876
57,51,733
57,52,694
57,53,750
57,54,1115
57,55,739
57,56,749
57,57,0
