Source,Destination,Walking Time (seconds)
1,1,0
1,2,1563
1,3,10357
1,4,7401
1,5,3783
1,6,9354
1,7,11751
1,8,9451
1,9,7364
1,10,6012
1,11,9392
1,12,9207
1,13,10329
1,14,11315
1,15,6871
1,16,8351
1,17,13144
1,18,7326
1,19,6980
1,20,8652
1,21,8030
1,22,9347
1,23,8000
1,24,7301
1,25,8729
1,26,10662
1,27,5786
1,28,9348
1,29,7427
1,30,6439
1,31,3798
1,32,7812
1,33,9692
1,34,11357
1,35,8493
1,36,5380
1,37,7829
1,38,8235
1,39,7247
1,40,6630
1,41,4783
1,42,8832
1,43,9084
1,44,10992
1,45,9327
1,46,8456
1,47,6006
1,48,7525
1,49,7744
1,50,9183
1,51,5779
1,52,8712
1,53,8221
1,54,4467
1,55,4306
1,56,7264
1,57,9377
2,1,1640
2,2,0
2,3,10756
2,4,7496
2,5,2422
2,6,8864
2,7,11467
2,8,9343
2,9,7459
2,10,5522
2,11,9828
2,12,9643
2,13,10615
2,14,11501
2,15,6381
2,16,7861
2,17,13330
2,18,7421
2,19,6490
2,20,8833
2,21,8316
2,22,9633
2,23,8286
2,24,6811
2,25,8239
2,26,10403
2,27,4425
2,28,9634
2,29,7614
2,30,5949
2,31,2437
2,32,7782
2,33,9978
2,34,11098
2,35,8003
2,36,5779
2,37,7339
2,38,7745
2,39,6757
2,40,6140
2,41,3422
2,42,8342
2,43,8594
2,44,10722
2,45,9613
2,46,8742
2,47,6292
2,48,7430
2,49,7839
2,50,9257
2,51,5289
2,52,8829
2,53,8190
2,54,3106
2,55,2945
2,56,7169
2,57,8887
3,1,10366
3,2,10713
3,3,0
3,4,6026
3,5,10828
3,6,10180
3,7,9899
3,8,8345
3,9,6026
3,10,7087
3,11,2936
3,12,4094
3,13,5051
3,14,8907
3,15,9916
3,16,9147
3,17,8643
3,18,6261
3,19,9124
3,20,6512
3,21,5083
3,22,6317
3,23,5511
3,24,7505
3,25,8989
3,26,9464
3,27,10598
3,28,4693
3,29,5839
3,30,9717
3,31,10774
3,32,6791
3,33,4474
3,34,9492
3,35,9249
3,36,6193
3,37,7138
3,38,7336
3,39,7178
3,40,8223
3,41,10313
3,42,8284
3,43,9099
3,44,8970
3,45,5131
3,46,5091
3,47,5997
3,48,6729
3,49,6173
3,50,6872
3,51,7393
3,52,6969
3,53,6741
3,54,13306
3,55,10891
3,56,6869
3,57,10262
4,1,7439
4,2,7485
4,3,6029
4,4,0
4,5,5882
4,6,4367
4,7,4840
4,8,2540
4,9,70
4,10,2600
4,11,3629
4,12,2604
4,13,3417
4,14,4227
4,15,4152
4,16,3383
4,17,6056
4,18,468
4,19,3360
4,20,1464
4,21,1197
4,22,2258
4,23,1082
4,24,1741
4,25,3175
4,26,3751
4,27,5106
4,28,2436
4,29,185
4,30,3953
4,31,5829
4,32,972
4,33,2780
4,34,4446
4,35,3435
4,36,2260
4,37,1374
4,38,1518
4,39,1414
4,40,2459
4,41,5344
4,42,2520
4,43,3285
4,44,4081
4,45,2415
4,46,1544
4,47,1538
4,48,965
4,49,442
4,50,1941
4,51,2355
4,52,1524
4,53,1023
4,54,9642
4,55,5922
4,56,1105
4,57,4448
5,1,3879
5,2,2438
5,3,10878
5,4,5919
5,5,0
5,6,6953
5,7,8648
5,8,7397
5,9,5827
5,10,3859
5,11,9135
5,12,8376
5,13,9214
5,14,9583
5,15,4340
5,16,5950
5,17,11413
5,18,5704
5,19,4579
5,20,7150
5,21,6970
5,22,7975
5,23,6860
5,24,4856
5,25,6328
5,26,8457
5,27,2091
5,28,8234
5,29,6057
5,30,3896
5,31,133
5,32,6100
5,33,8577
5,34,9153
5,35,6092
5,36,5206
5,37,5638
5,38,6043
5,39,5056
5,40,4229
5,41,1113
5,42,6396
5,43,6683
5,44,8776
5,45,8213
5,46,7341
5,47,5339
5,48,5748
5,49,6122
5,50,7337
5,51,3578
5,52,6944
5,53,6507
5,54,4181
5,55,522
5,56,5486
5,57,6976
6,1,9385
6,2,8842
6,3,10179
6,4,4358
6,5,6916
6,6,0
6,7,2730
6,8,2681
6,9,4289
6,10,5528
6,11,7472
6,12,6424
6,13,6724
6,14,4486
6,15,3166
6,16,1790
6,17,5816
6,18,3983
6,19,2374
6,20,4163
6,21,5292
6,22,4412
6,23,4975
6,24,3925
6,25,1462
6,26,2177
6,27,4970
6,28,5961
6,29,4422
6,30,3404
6,31,6862
6,32,3473
6,33,6147
6,34,2497
6,35,1278
6,36,6214
6,37,3526
6,38,3549
6,39,4132
6,40,3286
6,41,5852
6,42,2781
6,43,1411
6,44,2675
6,45,5595
6,46,5231
6,47,5492
6,48,3790
6,49,4032
6,50,3780
6,51,5283
6,52,3433
6,53,3447
6,54,10909
6,55,6733
6,56,3708
6,57,465
7,1,11779
7,2,11478
7,3,9871
7,4,4841
7,5,8625
7,6,2758
7,7,0
7,8,2924
7,9,4772
7,10,6503
7,11,6983
7,12,5934
7,13,6153
7,14,3004
7,15,4875
7,16,3275
7,17,3523
7,18,4480
7,19,4083
7,20,3828
7,21,5085
7,22,3676
7,23,4730
7,24,4900
7,25,2537
7,26,1192
7,27,6679
7,28,5464
7,29,4897
7,30,5114
7,31,8572
7,32,3970
7,33,5512
7,34,745
7,35,2797
7,36,6711
7,37,4494
7,38,4061
7,39,5107
7,40,5388
7,41,7561
7,42,3716
7,43,2302
7,44,1402
7,45,4960
7,46,4986
7,47,5989
7,48,4302
7,49,4515
7,50,3389
7,51,6258
7,52,3781
7,53,3930
7,54,13545
7,55,8442
7,56,4712
7,57,3008
8,1,9461
8,2,9328
8,3,8331
8,4,2521
8,5,7368
8,6,2666
8,7,2896
8,8,0
8,9,2452
8,10,4353
8,11,5623
8,12,4575
8,13,4870
8,14,2755
8,15,4520
8,16,1996
8,17,4568
8,18,2160
8,19,3728
8,20,2314
8,21,3443
8,22,2563
8,23,3126
8,24,2750
8,25,1491
8,26,1807
8,27,6003
8,28,4112
8,29,2577
8,30,4759
8,31,7314
8,32,1650
8,33,4294
8,34,2502
8,35,1751
8,36,4391
8,37,2176
8,38,1750
8,39,2957
8,40,3238
8,41,6318
8,42,1566
8,43,1516
8,44,2137
8,45,3741
8,46,3382
8,47,3669
8,48,1998
8,49,2195
8,50,1931
8,51,4108
8,52,1596
8,53,1610
8,54,11395
8,55,7199
8,56,2408
8,57,2764
9,1,7405
9,2,7451
9,3,6034
9,4,73
9,5,5792
9,6,4299
9,7,4772
9,8,2472
9,9,0
9,10,2509
9,11,3578
9,12,2553
9,13,3366
9,14,4189
9,15,4061
9,16,3292
9,17,6019
9,18,397
9,19,3269
9,20,1426
9,21,1147
9,22,2220
9,23,1031
9,24,1651
9,25,3108
9,26,3683
9,27,5016
9,28,2385
9,29,234
9,30,3862
9,31,5738
9,32,905
9,33,2729
9,34,4379
9,35,3367
9,36,2233
9,37,1283
9,38,1450
9,39,1323
9,40,2368
9,41,5253
9,42,2429
9,43,3217
9,44,4013
9,45,2365
9,46,1493
9,47,1511
9,48,874
9,49,375
9,50,1875
9,51,2264
9,52,1458
9,53,955
9,54,9551
9,55,5831
9,56,1014
9,57,4380
10,1,6038
10,2,5495
10,3,7103
10,4,2600
10,5,3822
10,6,5493
10,7,6465
10,8,4341
10,9,2508
10,10,0
10,11,5278
10,12,5042
10,13,5895
10,14,6499
10,15,3499
10,16,4175
10,17,8328
10,18,2384
10,19,3192
10,20,3831
10,21,3635
10,22,4656
10,23,3540
10,24,1809
10,25,4321
10,26,5401
10,27,3512
10,28,4914
10,29,2738
10,30,3110
10,31,3769
10,32,2780
10,33,5258
10,34,6096
10,35,4327
10,36,1348
10,37,2337
10,38,2743
10,39,1755
10,40,2093
10,41,3288
10,42,3340
10,43,4715
10,44,5720
10,45,4893
10,46,4022
10,47,1611
10,48,2428
10,49,2802
10,50,4255
10,51,306
10,52,3827
10,53,3188
10,54,7562
10,55,3866
10,56,2167
10,57,5516
11,1,9414
11,2,9777
11,3,2950
11,4,3636
11,5,9093
11,6,7446
11,7,6989
11,8,5610
11,9,3582
11,10,5272
11,11,0
11,12,1158
11,13,2423
11,14,5997
11,15,7619
11,16,6759
11,17,6015
11,18,3894
11,19,6827
11,20,3619
11,21,2426
11,22,3383
11,23,2843
11,24,5208
11,25,6255
11,26,6554
11,27,8640
11,28,1738
11,29,3449
11,30,7486
11,31,9039
11,32,4306
11,33,1715
11,34,6582
11,35,6514
11,36,4266
11,37,4838
11,38,4824
11,39,4881
11,40,5992
11,41,8561
11,42,5987
11,43,6365
11,44,6060
11,45,2301
11,46,2239
11,47,3923
11,48,4444
11,49,3704
11,50,3962
11,51,5578
11,52,4076
11,53,4015
11,54,12191
11,55,9139
11,56,4572
11,57,7528
12,1,9250
12,2,9613
12,3,4108
12,4,2592
12,5,8372
12,6,6398
12,7,5944
12,8,4562
12,9,2538
12,10,5026
12,11,1158
12,12,0
12,13,1905
12,14,4952
12,15,6575
12,16,5711
12,17,6781
12,18,2850
12,19,5783
12,20,2571
12,21,1383
12,22,2339
12,23,1799
12,24,4164
12,25,5206
12,26,5509
12,27,7596
12,28,892
12,29,2405
12,30,6443
12,31,8319
12,32,3257
12,33,1159
12,34,5537
12,35,5466
12,36,4102
12,37,3790
12,38,3776
12,39,3837
12,40,4949
12,41,7834
12,42,4943
12,43,5316
12,44,5015
12,45,1288
12,46,1195
12,47,3414
12,48,3400
12,49,2660
12,50,2917
12,51,4845
12,52,3027
12,53,2966
12,54,11944
12,55,8412
12,56,3528
12,57,6479
13,1,10348
13,2,10577
13,3,5039
13,4,3408
13,5,9164
13,6,6712
13,7,6128
13,8,4885
13,9,3354
13,10,5882
13,11,2399
13,12,1881
13,13,0
13,14,5136
13,15,7216
13,16,6025
13,17,4051
13,18,3642
13,19,6424
13,20,2854
13,21,2348
13,22,2459
13,23,2398
13,24,4956
13,25,5520
13,26,5693
13,27,8388
13,28,1190
13,29,3221
13,30,7295
13,31,9111
13,32,3746
13,33,762
13,34,5721
13,35,5780
13,36,5164
13,37,4279
13,38,4265
13,39,4629
13,40,5741
13,41,8626
13,42,5493
13,43,5630
13,44,5199
13,45,1311
13,46,1945
13,47,4304
13,48,3980
13,49,3261
13,50,3042
13,51,5637
13,52,3291
13,53,3457
13,54,12834
13,55,9204
13,56,4223
13,57,6793
14,1,11315
14,2,11444
14,3,8850
14,4,4202
14,5,9509
14,6,4466
14,7,2982
14,8,2761
14,9,4186
14,10,6469
14,11,5962
14,12,4913
14,13,5132
14,14,0
14,15,6661
14,16,4323
14,17,3088
14,18,4208
14,19,5869
14,20,2807
14,21,4064
14,22,2655
14,23,3709
14,24,4888
14,25,3585
14,26,2587
14,27,8144
14,28,4443
14,29,4015
14,30,6900
14,31,9456
14,32,3698
14,33,4491
14,34,2615
14,35,3845
14,36,6131
14,37,4231
14,38,3783
14,39,5024
14,40,5379
14,41,8459
14,42,4234
14,43,3395
14,44,2093
14,45,3939
14,46,3965
14,47,5271
14,48,4046
14,49,3862
14,50,2368
14,51,6224
14,52,2760
14,53,3373
14,54,13511
14,55,9340
14,56,4456
14,57,4593
15,1,6890
15,2,6347
15,3,9899
15,4,4131
15,5,4283
15,6,3151
15,7,4846
15,8,4487
15,9,4039
15,10,3483
15,11,7596
15,12,6571
15,13,7215
15,14,6673
15,15,0
15,16,2148
15,17,8502
15,18,3848
15,19,845
15,20,4516
15,21,5161
15,22,5004
15,23,5005
15,24,2542
15,25,2526
15,26,3929
15,27,2244
15,28,6274
15,29,4253
15,30,635
15,31,4241
15,32,3535
15,33,6599
15,34,4588
15,35,2290
15,36,4560
15,37,3043
15,38,3134
15,39,2939
15,40,1883
15,41,3247
15,42,3486
15,43,2881
15,44,4333
15,45,6087
15,46,5487
15,47,4076
15,48,3372
15,49,4117
15,50,4426
15,51,3199
15,52,4033
15,53,3733
15,54,8414
15,55,3983
15,56,3214
15,57,3174
16,1,8365
16,2,7822
16,3,9166
16,4,3398
16,5,5896
16,6,1773
16,7,3252
16,8,1996
16,9,3305
16,10,4188
16,11,6770
16,12,5722
16,13,6022
16,14,4331
16,15,2146
16,16,0
16,17,6034
16,18,3142
16,19,1354
16,20,3461
16,21,4428
16,22,3726
16,23,4273
16,24,2585
16,25,724
16,26,2187
16,27,3950
16,28,5259
16,29,3520
16,30,2385
16,31,5843
16,32,2616
16,33,5446
16,34,2883
16,35,637
16,36,4744
16,37,2186
16,38,2282
16,39,2792
16,40,2266
16,41,4832
16,42,1441
16,43,1141
16,44,2526
16,45,4893
16,46,4529
16,47,4101
16,48,2588
16,49,3259
16,50,3094
16,51,3943
16,52,2731
16,53,2745
16,54,9889
16,55,5713
16,56,2368
16,57,1796
17,1,13150
17,2,13279
17,3,8615
17,4,6037
17,5,11345
17,6,5832
17,7,3510
17,8,4580
17,9,6021
17,10,8304
17,11,5975
17,12,6748
17,13,4034
17,14,3085
17,15,8496
17,16,6036
17,17,0
17,18,6043
17,19,7704
17,20,4642
17,21,5899
17,22,4490
17,23,5544
17,24,6724
17,25,5299
17,26,4036
17,27,9980
17,28,6278
17,29,5850
17,30,8735
17,31,11291
17,32,5533
17,33,4343
17,34,3634
17,35,5558
17,36,7966
17,37,6066
17,38,5619
17,39,6859
17,40,7214
17,41,10294
17,42,6053
17,43,5108
17,44,3630
17,45,5774
17,46,5800
17,47,7106
17,48,5882
17,49,5697
17,50,4203
17,51,8059
17,52,4595
17,53,5208
17,54,15346
17,55,11175
17,56,6291
17,57,6082
18,1,7351
18,2,7397
18,3,6266
18,4,470
18,5,5667
18,6,3984
18,7,4471
18,8,2171
18,9,397
18,10,2385
18,11,3891
18,12,2867
18,13,3656
18,14,4238
18,15,3869
18,16,3159
18,17,6067
18,18,0
18,19,3077
18,20,1581
18,21,1457
18,22,2405
18,23,1301
18,24,1458
18,25,2793
18,26,3381
18,27,4891
18,28,2675
18,29,549
18,30,3738
18,31,5614
18,32,530
18,33,3019
18,34,4077
18,35,3053
18,36,2231
18,37,1063
18,38,1075
18,39,1131
18,40,2244
18,41,5129
18,42,2175
18,43,2903
18,44,3712
18,45,2584
18,46,1783
18,47,1509
18,48,550
18,49,453
18,50,1901
18,51,2140
18,52,1473
18,53,938
18,54,9427
18,55,5707
18,56,795
18,57,4066
19,1,7013
19,2,6470
19,3,9124
19,4,3356
19,5,4544
19,6,2376
19,7,4071
19,8,3712
19,9,3264
19,10,3190
19,11,6821
19,12,5796
19,13,6440
19,14,5898
19,15,868
19,16,1373
19,17,7727
19,18,3073
19,19,0
19,20,3741
19,21,4386
19,22,4229
19,23,4230
19,24,1767
19,25,1751
19,26,3154
19,27,2596
19,28,5499
19,29,3478
19,30,1031
19,31,4491
19,32,2760
19,33,5824
19,34,3813
19,35,1515
19,36,4267
19,37,2268
19,38,2359
19,39,2164
19,40,1274
19,41,3480
19,42,2711
19,43,2106
19,44,3558
19,45,5312
19,46,4712
19,47,3799
19,48,2597
19,49,3342
19,50,3651
19,51,2906
19,52,3258
19,53,2958
19,54,8537
19,55,4361
19,56,2439
19,57,2399
20,1,8762
20,2,8803
20,3,6522
20,4,1466
20,5,7111
20,6,4168
20,7,3829
20,8,2332
20,9,1426
20,10,3828
20,11,3645
20,12,2596
20,13,2874
20,14,2837
20,15,4529
20,16,3481
20,17,4666
20,18,1579
20,19,3737
20,20,0
20,21,1510
20,22,923
20,23,1155
20,24,2398
20,25,2977
20,26,3395
20,27,5848
20,28,2133
20,29,1279
20,30,4612
20,31,7057
20,32,1081
20,33,2298
20,34,3422
20,35,3236
20,36,3578
20,37,1613
20,38,1544
20,39,2395
20,40,3160
20,41,6129
20,42,2750
20,43,3086
20,44,2900
20,45,1746
20,46,1411
20,47,2718
20,48,1429
20,49,1127
20,50,705
20,51,3584
20,52,796
20,53,736
20,54,10870
20,55,7150
20,56,1838
20,57,4249
21,1,8075
21,2,8304
21,3,5099
21,4,1209
21,5,6944
21,6,5310
21,7,5128
21,8,3474
21,9,1155
21,10,3643
21,11,2431
21,12,1407
21,13,2373
21,14,4136
21,15,5192
21,16,4423
21,17,5965
21,18,1467
21,19,4400
21,20,1524
21,21,0
21,22,1615
21,23,485
21,24,2782
21,25,4118
21,26,4685
21,27,6168
21,28,1392
21,29,1022
21,30,5014
21,31,6890
21,32,1961
21,33,1736
21,34,4721
21,35,4378
21,36,2891
21,37,2414
21,38,2507
21,39,2454
21,40,3520
21,41,6405
21,42,3560
21,43,4228
21,44,4199
21,45,1371
21,46,500
21,47,2031
21,48,2017
21,49,1302
21,50,1973
21,51,3416
21,52,1973
21,53,1870
21,54,10561
21,55,6983
21,56,2145
21,57,5391
22,1,9361
22,2,9590
22,3,6302
22,4,2246
22,5,7855
22,6,4402
22,7,3660
22,8,2564
22,9,2190
22,10,4638
22,11,3359
22,12,2311
22,13,2461
22,14,2668
22,15,5007
22,16,3729
22,17,4498
22,18,2388
22,19,4215
22,20,907
22,21,1591
22,22,0
22,23,1346
22,24,3199
22,25,3225
22,26,3226
22,27,6490
22,28,1841
22,29,2059
22,30,5246
22,31,7802
22,32,1890
22,33,1885
22,34,3254
22,35,3484
22,36,4177
22,37,2423
22,38,2094
22,39,3204
22,40,3725
22,41,6805
22,42,3208
22,43,3306
22,44,2731
22,45,1336
22,46,1391
22,47,3317
22,48,2238
22,49,1936
22,50,701
22,51,4393
22,52,973
22,53,1573
22,54,11680
22,55,7686
22,56,2648
22,57,4497
23,1,8044
23,2,8273
23,3,5527
23,4,1093
23,5,6831
23,6,4986
23,7,4772
23,8,3151
23,9,1041
23,10,3549
23,11,2849
23,12,1825
23,13,2435
23,14,3780
23,15,5034
23,16,4300
23,17,5609
23,18,1309
23,19,4242
23,20,1171
23,21,484
23,22,1369
23,23,0
23,24,2623
23,25,3795
23,26,4362
23,27,6055
23,28,1454
23,29,906
23,30,4902
23,31,6778
23,32,1803
23,33,1798
23,34,4365
23,35,4055
23,36,2860
23,37,2256
23,38,2349
23,39,2296
23,40,3408
23,41,6293
23,42,3402
23,43,3905
23,44,3843
23,45,1428
23,46,634
23,47,2000
23,48,1859
23,49,1119
23,50,1617
23,51,3304
23,52,1620
23,53,1555
23,54,10530
23,55,6871
23,56,1987
23,57,5068
24,1,7323
24,2,6780
24,3,7502
24,4,1734
24,5,4826
24,6,3884
24,7,4857
24,8,2733
24,9,1641
24,10,1805
24,11,5198
24,12,4174
24,13,4963
24,14,4913
24,15,2554
24,16,2567
24,17,6742
24,18,1451
24,19,1762
24,20,2394
24,21,2764
24,22,3212
24,23,2608
24,24,0
24,25,2713
24,26,3793
24,27,3515
24,28,3982
24,29,1856
24,30,2362
24,31,4773
24,32,1340
24,33,4326
24,34,4488
24,35,2718
24,36,2699
24,37,818
24,38,1224
24,39,542
24,40,873
24,41,3797
24,42,1732
24,43,3107
24,44,4112
24,45,3961
24,46,3090
24,47,2170
24,48,1054
24,49,1720
24,50,2669
24,51,1560
24,52,2241
24,53,1725
24,54,8847
24,55,4678
24,56,817
24,57,3908
25,1,8733
25,2,8190
25,3,8972
25,4,3150
25,5,6264
25,6,1443
25,7,2511
25,8,1490
25,9,3081
25,10,4330
25,11,6265
25,12,5216
25,13,5516
25,14,3590
25,15,2514
25,16,721
25,17,5293
25,18,2775
25,19,1722
25,20,2955
25,21,4084
25,22,3220
25,23,3767
25,24,2727
25,25,0
25,26,1447
25,27,4318
25,28,4753
25,29,3214
25,30,2753
25,31,6211
25,32,2265
25,33,4940
25,34,2142
25,35,303
25,36,5006
25,37,2302
25,38,2341
25,39,2934
25,40,3215
25,41,5200
25,42,1543
25,43,398
25,44,1826
25,45,4388
25,46,4023
25,47,4284
25,48,2582
25,49,2824
25,50,2588
25,51,4085
25,52,2225
25,53,2239
25,54,10257
25,55,6081
25,56,2484
25,57,1496
26,1,10694
26,2,10416
26,3,9441
26,4,3754
26,5,8456
26,6,2197
26,7,1208
26,8,1837
26,9,3685
26,10,5441
26,11,6553
26,12,5504
26,13,5723
26,14,2620
26,15,3952
26,16,2213
26,17,4054
26,18,3393
26,19,3160
26,20,3398
26,21,4676
26,22,3246
26,23,4359
26,24,3838
26,25,1475
26,26,0
26,27,5756
26,28,5034
26,29,3810
26,30,4191
26,31,8402
26,32,2883
26,33,5082
26,34,808
26,35,1734
26,36,5624
26,37,3409
26,38,2983
26,39,4045
26,40,4326
26,41,7406
26,42,2654
26,43,1241
26,44,493
26,45,4530
26,46,4615
26,47,4902
26,48,3231
26,49,3428
26,50,2959
26,51,5196
26,52,2829
26,53,2843
26,54,12483
26,55,8287
26,56,3641
26,57,2397
27,1,5878
27,2,4437
27,3,10637
27,4,5148
27,5,2089
27,6,5011
27,7,6706
27,8,6033
27,9,5056
27,10,3535
27,11,8630
27,12,7605
27,13,8443
27,14,8219
27,15,2301
27,16,4008
27,17,10049
27,18,4933
27,19,2635
27,20,5894
27,21,6199
27,22,6550
27,23,6089
27,24,3563
27,25,4386
27,26,5789
27,27,0
27,28,7463
27,29,5286
27,30,1850
27,31,2046
27,32,4841
27,33,7806
27,34,6449
27,35,4150
27,36,4883
27,37,4318
27,38,4681
27,39,3886
27,40,2865
27,41,989
27,42,5032
27,43,4741
27,44,6193
27,45,7442
27,46,6570
27,47,4881
27,48,4575
27,49,5213
27,50,5973
27,51,3250
27,52,5580
27,53,5225
27,54,6230
27,55,1789
27,56,4337
27,57,5034
28,1,9370
28,2,9599
28,3,4683
28,4,2430
28,5,8187
28,6,5944
28,7,5448
28,8,4108
28,9,2376
28,10,4904
28,11,1719
28,12,871
28,13,1193
28,14,4456
28,15,6271
28,16,5257
28,17,6285
28,18,2664
28,19,5479
28,20,2117
28,21,1370
28,22,1843
28,23,1420
28,24,3978
28,25,4752
28,26,5013
28,27,7411
28,28,0
28,29,2243
28,30,6352
28,31,8133
28,32,2803
28,33,483
28,34,5041
28,35,5012
28,36,4186
28,37,3336
28,38,3322
28,39,3651
28,40,4763
28,41,7648
28,42,4492
28,43,4862
28,44,4519
28,45,526
28,46,967
28,47,3326
28,48,3000
28,49,2281
28,50,2421
28,51,4659
28,52,2573
28,53,2512
28,54,11856
28,55,8226
28,56,3243
28,57,6025
29,1,7463
29,2,7594
29,3,5844
29,4,187
29,5,6021
29,6,4411
29,7,4884
29,8,2584
29,9,233
29,10,2739
29,11,3444
29,12,2419
29,13,3232
29,14,4042
29,15,4274
29,16,3505
29,17,5871
29,18,549
29,19,3482
29,20,1279
29,21,1012
29,22,2073
29,23,897
29,24,1863
29,25,3219
29,26,3795
29,27,5245
29,28,2251
29,29,0
29,30,4092
29,31,5968
29,32,1043
29,33,2595
29,34,4490
29,35,3479
29,36,2279
29,37,1496
29,38,1589
29,39,1536
29,40,2598
29,41,5483
29,42,2642
29,43,3329
29,44,4125
29,45,2230
29,46,1359
29,47,1419
29,48,1099
29,49,391
29,50,1756
29,51,2494
29,52,1339
29,53,966
29,54,9781
29,55,6061
29,56,1227
29,57,4492
30,1,6491
30,2,5948
30,3,9741
30,4,3973
30,5,3878
30,6,3418
30,7,5114
30,8,4754
30,9,3881
30,10,3126
30,11,7547
30,12,6523
30,13,7331
30,14,6940
30,15,667
30,16,2416
30,17,8769
30,18,3800
30,19,1043
30,20,4628
30,21,5023
30,22,5271
30,23,4957
30,24,2387
30,25,2794
30,26,4197
30,27,1831
30,28,6331
30,29,4111
30,30,0
30,31,3836
30,32,3574
30,33,6675
30,34,4856
30,35,2558
30,36,4203
30,37,3052
30,38,3401
30,39,2710
30,40,1574
30,41,2848
30,42,3753
30,43,3149
30,44,4601
30,45,6203
30,46,5439
30,47,3767
30,48,3420
30,49,4069
30,50,4693
30,51,2842
30,52,4300
30,53,4000
30,54,8015
30,55,3578
30,56,3166
30,57,3442
31,1,3896
31,2,2455
31,3,10824
31,4,5865
31,5,135
31,6,6898
31,7,8594
31,8,7343
31,9,5772
31,10,3805
31,11,9080
31,12,8322
31,13,9160
31,14,9529
31,15,4293
31,16,5896
31,17,11358
31,18,5649
31,19,4525
31,20,7096
31,21,6915
31,22,7920
31,23,6805
31,24,4801
31,25,6274
31,26,8402
31,27,2043
31,28,8179
31,29,6003
31,30,3849
31,31,0
31,32,6045
31,33,8523
31,34,9098
31,35,6037
31,36,5151
31,37,5583
31,38,5988
31,39,5001
31,40,4175
31,41,1058
31,42,6342
31,43,6629
31,44,8722
31,45,8158
31,46,7287
31,47,5284
31,48,5693
31,49,6067
31,50,7282
31,51,3523
31,52,6889
31,53,6453
31,54,4198
31,55,538
31,56,5432
31,57,6922
32,1,7825
32,2,7743
32,3,6784
32,4,965
32,5,6050
32,6,3462
32,7,3949
32,8,1648
32,9,892
32,10,2768
32,11,4327
32,12,3279
32,13,3757
32,14,3716
32,15,3539
32,16,2622
32,17,5545
32,18,518
32,19,2747
32,20,1073
32,21,1937
32,22,1897
32,23,1781
32,24,1334
32,25,2271
32,26,2859
32,27,4784
32,28,2816
32,29,1029
32,30,3549
32,31,5996
32,32,0
32,33,3140
32,34,3555
32,35,2530
32,36,2749
32,37,533
32,38,553
32,39,1334
32,40,2097
32,41,5066
32,42,1760
32,43,2381
32,44,3190
32,45,2628
32,46,2082
32,47,2027
32,48,348
32,49,635
32,50,1379
32,51,2523
32,52,951
32,53,416
32,54,9810
32,55,6090
32,56,758
32,57,3544
33,1,9709
33,2,9938
33,3,4458
33,4,2769
33,5,8525
33,6,6131
33,7,5489
33,8,4305
33,9,2715
33,10,5243
33,11,1710
33,12,1136
33,13,762
33,14,4497
33,15,6591
33,16,5445
33,17,4359
33,18,3003
33,19,5799
33,20,2273
33,21,1709
33,22,1878
33,23,1759
33,24,4317
33,25,4940
33,26,5054
33,27,7749
33,28,478
33,29,2582
33,30,6672
33,31,8471
33,32,3123
33,33,0
33,34,5082
33,35,5200
33,36,4525
33,37,3656
33,38,3641
33,39,3990
33,40,5102
33,41,7987
33,42,4913
33,43,5050
33,44,4560
33,45,691
33,46,1306
33,47,3665
33,48,3339
33,49,2620
33,50,2462
33,51,4998
33,52,2711
33,53,2832
33,54,12195
33,55,8565
33,56,3582
33,57,6213
34,1,11390
34,2,11112
34,3,9472
34,4,4450
34,5,9153
34,6,2525
34,7,750
34,8,2533
34,9,4381
34,10,6137
34,11,6584
34,12,5535
34,13,5754
34,14,2651
34,15,4642
34,16,2909
34,17,3653
34,18,4089
34,19,3850
34,20,3429
34,21,4686
34,22,3277
34,23,4331
34,24,4535
34,25,2172
34,26,810
34,27,6447
34,28,5065
34,29,4506
34,30,4881
34,31,9099
34,32,3579
34,33,5113
34,34,0
34,35,2431
34,36,6321
34,37,4105
34,38,3680
34,39,4741
34,40,5022
34,41,8102
34,42,3350
34,43,1981
34,44,788
34,45,4561
34,46,4587
34,47,5598
34,48,3928
34,49,4125
34,50,2990
34,51,5892
34,52,3382
34,53,3539
34,54,13179
34,55,8983
34,56,4337
34,57,2775
35,1,8503
35,2,7960
35,3,9232
35,4,3410
35,5,6034
35,6,1261
35,7,2771
35,8,1750
35,9,3341
35,10,4337
35,11,6525
35,12,5476
35,13,5776
35,14,3850
35,15,2284
35,16,637
35,17,5553
35,18,3035
35,19,1492
35,20,3215
35,21,4344
35,22,3480
35,23,4027
35,24,2734
35,25,303
35,26,1707
35,27,4088
35,28,5013
35,29,3474
35,30,2522
35,31,5980
35,32,2525
35,33,5200
35,34,2402
35,35,0
35,36,4819
35,37,2261
35,38,2431
35,39,2941
35,40,3222
35,41,4970
35,42,1502
35,43,658
35,44,2086
35,45,4648
35,46,4283
35,47,4176
35,48,2590
35,49,3084
35,50,2848
35,51,4092
35,52,2485
35,53,2499
35,54,10027
35,55,5851
35,56,2443
35,57,1314
36,1,5419
36,2,5752
36,3,6228
36,4,2276
36,5,5177
36,6,6051
36,7,6717
36,8,4417
36,9,2241
36,10,1356
36,11,4290
36,12,4105
36,13,5189
36,14,6175
36,15,4583
36,16,4733
36,17,8004
36,18,2246
36,19,4276
36,20,3512
36,21,2890
36,22,4207
36,23,2860
36,24,2711
36,25,4851
36,26,5628
36,27,4868
36,28,4208
36,29,2287
36,30,4194
36,31,5123
36,32,2776
36,33,4552
36,34,6324
36,35,4814
36,36,0
36,37,2724
36,38,3107
36,39,2397
36,40,3172
36,41,4644
36,42,3870
36,43,5149
36,44,5958
36,45,4188
36,46,3316
36,47,866
36,48,2560
36,49,2661
36,50,4043
36,51,1662
36,52,3573
36,53,3228
36,54,8127
36,55,5222
36,56,2385
36,57,6074
37,1,7831
37,2,7288
37,3,7114
37,4,1346
37,5,5574
37,6,3461
37,7,4467
37,8,2167
37,9,1254
37,10,2313
37,11,4849
37,12,3801
37,13,4279
37,14,4238
37,15,3032
37,16,2143
37,17,6067
37,18,1040
37,19,2240
37,20,1595
37,21,2376
37,22,2420
37,23,2220
37,24,801
37,25,2261
37,26,3378
37,27,4252
37,28,3338
37,29,1468
37,30,3016
37,31,5520
37,32,522
37,33,3663
37,34,4073
37,35,2224
37,36,2692
37,37,0
37,38,517
37,39,798
37,40,1564
37,41,4533
37,42,1280
37,43,2655
37,44,3708
37,45,3151
37,46,2604
37,47,2049
37,48,463
37,49,1157
37,50,1901
37,51,2068
37,52,1473
37,53,938
37,54,9355
37,55,5604
37,56,316
37,57,3484
38,1,8245
38,2,7702
38,3,7262
38,4,1504
38,5,5987
38,6,3541
38,7,4052
38,8,1752
38,9,1435
38,10,2727
38,11,4841
38,12,3793
38,13,4271
38,14,3797
38,15,3146
38,16,2243
38,17,5627
38,18,1061
38,19,2354
38,20,1532
38,21,2480
38,22,2096
38,23,2324
38,24,1215
38,25,2350
38,26,2963
38,27,4630
38,28,3330
38,29,1572
38,30,3385
38,31,5933
38,32,551
38,33,3654
38,34,3659
38,35,2395
38,36,3048
38,37,524
38,38,0
38,39,1322
38,40,1864
38,41,4944
38,42,1371
38,43,2459
38,44,3293
38,45,3142
38,46,2596
38,47,2386
38,48,541
38,49,1178
38,50,1554
38,51,2482
38,52,1126
38,53,749
38,54,9769
38,55,5825
38,56,781
38,57,3584
39,1,7277
39,2,6734
39,3,7183
39,4,1416
39,5,5019
39,6,4099
39,7,5072
39,8,2947
39,9,1323
39,10,1759
39,11,4880
39,12,3856
39,13,4645
39,14,5057
39,15,2961
39,16,2781
39,17,6886
39,18,1133
39,19,2169
39,20,2400
39,21,2446
39,22,3224
39,23,2290
39,24,550
39,25,2928
39,26,4007
39,27,3848
39,28,3664
39,29,1538
39,30,2695
39,31,4966
39,32,1349
39,33,4007
39,34,4703
39,35,2933
39,36,2389
39,37,823
39,38,1339
39,39,0
39,40,1201
39,41,4130
39,42,1947
39,43,3322
39,44,4327
39,45,3643
39,46,2772
39,47,1791
39,48,984
39,49,1402
39,50,2720
39,51,1514
39,52,2292
39,53,1757
39,54,8801
39,55,5050
39,56,583
39,57,4123
40,1,6664
40,2,6121
40,3,8234
40,4,2466
40,5,4195
40,6,3279
40,7,5347
40,8,3223
40,9,2373
40,10,2114
40,11,5947
40,12,4923
40,13,5761
40,14,5409
40,15,1899
40,16,2276
40,17,7238
40,18,2250
40,19,1279
40,20,3164
40,21,3516
40,22,3740
40,23,3406
40,24,880
40,25,3203
40,26,4283
40,27,2830
40,28,4780
40,29,2604
40,30,1559
40,31,4142
40,32,2110
40,33,5124
40,34,4978
40,35,3209
40,36,3174
40,37,1588
40,38,1870
40,39,1203
40,40,0
40,41,3145
40,42,2222
40,43,3597
40,44,4602
40,45,4739
40,46,3888
40,47,2544
40,48,1892
40,49,2530
40,50,3162
40,51,1829
40,52,2769
40,53,2495
40,54,8188
40,55,4026
40,56,1655
40,57,3302
41,1,4880
41,2,3439
41,3,10369
41,4,5387
41,5,1117
41,6,5892
41,7,7588
41,8,6351
41,9,5295
41,10,3330
41,11,8608
41,12,7844
41,13,8682
41,14,8537
41,15,3304
41,16,4890
41,17,10366
41,18,5171
41,19,3519
41,20,6185
41,21,6437
41,22,6868
41,23,6327
41,24,3853
41,25,5268
41,26,7411
41,27,991
41,28,7701
41,29,5525
41,30,2796
41,31,1063
41,32,5131
41,33,8045
41,34,8106
41,35,5032
41,36,4678
41,37,4609
41,38,4998
41,39,4176
41,40,3183
41,41,0
41,42,5350
41,43,5623
41,44,7730
41,45,7680
41,46,6809
41,47,4806
41,48,4865
41,49,5589
41,50,6290
41,51,3034
41,52,5897
41,53,5516
41,54,5232
41,55,895
41,56,4628
41,57,5916
42,1,8832
42,2,8289
42,3,8266
42,4,2498
42,5,6329
42,6,2757
42,7,3686
42,8,1562
42,9,2406
42,10,3314
42,11,5963
42,12,4938
42,13,5475
42,14,4225
42,15,3481
42,16,1439
42,17,6038
42,18,2153
42,19,2689
42,20,2734
42,21,3528
42,22,3187
42,23,3372
42,24,1711
42,25,1542
42,26,2622
42,27,4964
42,28,4532
42,29,2620
42,30,3720
42,31,6276
42,32,1737
42,33,4899
42,34,3317
42,35,1505
42,36,3844
42,37,1286
42,38,1353
42,39,1918
42,40,2199
42,41,5279
42,42,0
42,43,1936
42,44,2941
42,45,4347
42,46,3798
42,47,3201
42,48,1615
42,49,2323
42,50,2555
42,51,3069
42,52,2184
42,53,1949
42,54,10356
42,55,6160
42,56,1468
42,57,2780
43,1,9097
43,2,8554
43,3,9072
43,4,3250
43,5,6628
43,6,1402
43,7,2287
43,8,1522
43,9,3182
43,10,4734
43,11,6365
43,12,5316
43,13,5616
43,14,3408
43,15,2878
43,16,1149
43,17,5112
43,18,2875
43,19,2086
43,20,3055
43,21,4185
43,22,3357
43,23,3867
43,24,3131
43,25,407
43,26,1226
43,27,4682
43,28,4854
43,29,3314
43,30,3117
43,31,6575
43,32,2366
43,33,5040
43,34,1961
43,35,667
43,36,5107
43,37,2706
43,38,2442
43,39,3338
43,40,3619
43,41,5564
43,42,1947
43,43,0
43,44,1601
43,45,4488
43,46,4123
43,47,4385
43,48,2683
43,49,2925
43,50,2725
43,51,4489
43,52,2326
43,53,2339
43,54,10621
43,55,6445
43,56,2888
43,57,1529
44,1,11021
44,2,10729
44,3,8948
44,4,4081
44,5,8769
44,6,2702
44,7,1381
44,8,2164
44,9,4012
44,10,5754
44,11,6060
44,12,5011
44,13,5230
44,14,2127
44,15,4357
44,16,2546
44,17,3651
44,18,3720
44,19,3565
44,20,2905
44,21,4162
44,22,2753
44,23,3807
44,24,4151
44,25,1852
44,26,494
44,27,6161
44,28,4541
44,29,4137
44,30,4596
44,31,8716
44,32,3210
44,33,4589
44,34,785
44,35,2112
44,36,5951
44,37,3736
44,38,3310
44,39,4358
44,40,4639
44,41,7719
44,42,2967
44,43,1617
44,44,0
44,45,4037
44,46,4063
44,47,5229
44,48,3558
44,49,3755
44,50,2466
44,51,5509
44,52,2858
44,53,3170
44,54,12796
44,55,8600
44,56,3968
44,57,2802
45,1,9345
45,2,9574
45,3,5120
45,4,2405
45,5,8162
45,6,5583
45,7,4941
45,8,3756
45,9,2352
45,10,4879
45,11,2239
45,12,1282
45,13,1315
45,14,3949
45,15,6088
45,16,4896
45,17,5778
45,18,2640
45,19,5296
45,20,1725
45,21,1345
45,22,1335
45,23,1396
45,24,3954
45,25,4392
45,26,4506
45,27,7386
45,28,529
45,29,2218
45,30,6166
45,31,8108
45,32,2618
45,33,697
45,34,4534
45,35,4651
45,36,4162
45,37,3150
45,38,3136
45,39,3627
45,40,4715
45,41,7623
45,42,4365
45,43,4502
45,44,4012
45,45,0
45,46,942
45,47,3302
45,48,2966
45,49,2253
45,50,1914
45,51,4635
45,52,2162
45,53,2329
45,54,11831
45,55,8201
45,56,3214
45,57,5665
46,1,8497
46,2,8726
46,3,5064
46,4,1557
46,5,7313
46,6,5239
46,7,5024
46,8,3403
46,9,1503
46,10,4031
46,11,2238
46,12,1213
46,13,1968
46,14,4032
46,15,5516
46,16,4552
46,17,5861
46,18,1791
46,19,4724
46,20,1420
46,21,497
46,22,1413
46,23,629
46,24,3105
46,25,4047
46,26,4614
46,27,6537
46,28,987
46,29,1370
46,30,5384
46,31,7260
46,32,2098
46,33,1331
46,34,4617
46,35,4307
46,36,3313
46,37,2631
46,38,2617
46,39,2778
46,40,3890
46,41,6775
46,42,3787
46,43,4157
46,44,4095
46,45,966
46,46,0
46,47,2453
46,48,2209
46,49,1490
46,50,1869
46,51,3786
46,52,1868
46,53,1807
46,54,10983
46,55,7353
46,56,2452
46,57,5320
47,1,6048
47,2,6277
47,3,6012
47,4,1548
47,5,5311
47,6,5503
47,7,5989
47,8,3689
47,9,1513
47,10,1616
47,11,3944
47,12,3435
47,13,4327
47,14,5313
47,15,4094
47,16,4084
47,17,7142
47,18,1518
47,19,3806
47,20,2650
47,21,2028
47,22,3345
47,23,1998
47,24,2181
47,25,4312
47,26,4900
47,27,4845
47,28,3346
47,29,1425
47,30,3754
47,31,5257
47,32,2048
47,33,3690
47,34,5595
47,35,4165
47,36,864
47,37,2075
47,38,2429
47,39,1789
47,40,2542
47,41,4772
47,42,3221
47,43,4421
47,44,5230
47,45,3326
47,46,2454
47,47,0
47,48,1881
47,49,1799
47,50,3181
47,51,1783
47,52,2711
47,53,2366
47,54,8534
47,55,5350
47,56,1736
47,57,5584
48,1,7546
48,2,7393
48,3,6722
48,4,954
48,5,5700
48,6,3783
48,7,4297
48,8,1997
48,9,861
48,10,2418
48,11,4429
48,12,3405
48,13,3990
48,14,4064
48,15,3377
48,16,2488
48,17,5893
48,18,538
48,19,2585
48,20,1421
48,21,1995
48,22,2245
48,23,1839
48,24,1053
48,25,2592
48,26,3207
48,27,4526
48,28,3011
48,29,1087
48,30,3401
48,31,5646
48,32,348
48,33,3354
48,34,3903
48,35,2569
48,36,2507
48,37,479
48,38,547
48,39,971
48,40,1884
48,41,4808
48,42,1625
48,43,2686
48,44,3538
48,45,2976
48,46,2191
48,47,1845
48,48,0
48,49,708
48,50,1727
48,51,2173
48,52,1299
48,53,764
48,54,9460
48,55,5740
48,56,417
48,57,3865
49,1,7777
49,2,7812
49,3,6184
49,4,448
49,5,6119
49,6,4044
49,7,4518
49,8,2218
49,9,377
49,10,2837
49,11,3706
49,12,2682
49,13,3288
49,14,3899
49,15,4141
49,16,3281
49,17,5728
49,18,458
49,19,3349
49,20,1134
49,21,1296
49,22,1958
49,23,1116
49,24,1730
49,25,2853
49,26,3428
49,27,5174
49,28,2309
49,29,394
49,30,4021
49,31,6065
49,32,652
49,33,2652
49,34,4124
49,35,3113
49,36,2657
49,37,1185
49,38,1197
49,39,1403
49,40,2526
49,41,5581
49,42,2349
49,43,2963
49,44,3759
49,45,2275
49,46,1489
49,47,1797
49,48,724
49,49,0
49,50,1550
49,51,2592
49,52,1133
49,53,701
49,54,9879
49,55,6159
49,56,969
49,57,4126
50,1,9195
50,2,9195
50,3,6825
50,4,1923
50,5,7270
50,6,3767
50,7,3370
50,8,1929
50,9,1853
50,10,4220
50,11,3937
50,12,2888
50,13,3042
50,14,2378
50,15,4421
50,16,3094
50,17,4207
50,18,1866
50,19,3629
50,20,687
50,21,1944
50,22,697
50,23,1589
50,24,2639
50,25,2589
50,26,2935
50,27,5905
50,28,2418
50,29,1736
50,30,4660
50,31,7216
50,32,1356
50,33,2466
50,34,2963
50,35,2849
50,36,4011
50,37,1889
50,38,1535
50,39,2682
50,40,3139
50,41,6219
50,42,2573
50,43,2671
50,44,2441
50,45,1914
50,46,1845
50,47,3151
50,48,1705
50,49,1527
50,50,0
50,51,3975
50,52,433
50,53,1076
50,54,11262
50,55,7100
50,56,2114
50,57,3862
51,1,5796
51,2,5253
51,3,7399
51,4,2345
51,5,3530
51,6,5238
51,7,6210
51,8,4086
51,9,2253
51,10,296
51,11,5573
51,12,4802
51,13,5640
51,14,6244
51,15,3206
51,16,3920
51,17,8073
51,18,2129
51,19,2899
51,20,3576
51,21,3395
51,22,4401
51,23,3285
51,24,1554
51,25,4066
51,26,5146
51,27,3218
51,28,4659
51,29,2483
51,30,2817
51,31,3476
51,32,2525
51,33,5003
51,34,5841
51,35,4072
51,36,1644
51,37,2082
51,38,2488
51,39,1501
51,40,1812
51,41,2982
51,42,3085
51,43,4460
51,44,5465
51,45,4639
51,46,3767
51,47,1764
51,48,2173
51,49,2547
51,50,4000
51,51,0
51,52,3573
51,53,2933
51,54,7320
51,55,3560
51,56,1912
51,57,5261
52,1,8747
52,2,8797
52,3,6985
52,4,1523
52,5,6898
52,6,3436
52,7,3778
52,8,1609
52,9,1453
52,10,3822
52,11,4108
52,12,3059
52,13,3305
52,14,2786
52,15,4049
52,16,2749
52,17,4615
52,18,1468
52,19,3257
52,20,798
52,21,1961
52,22,984
52,23,1606
52,24,2241
52,25,2244
52,26,2820
52,27,5533
52,28,2596
52,29,1336
52,30,4288
52,31,6844
52,32,958
52,33,2728
52,34,3371
52,35,2504
52,36,3563
52,37,1491
52,38,1137
52,39,2284
52,40,2767
52,41,5847
52,42,2217
52,43,2354
52,44,2849
52,45,2176
52,46,1862
52,47,2703
52,48,1306
52,49,1127
52,50,449
52,51,3577
52,52,0
52,53,667
52,54,10864
52,55,6728
52,56,1716
52,57,3517
53,1,8248
53,2,8166
53,3,6750
53,4,1024
53,5,6473
53,6,3444
53,7,3917
53,8,1617
53,9,955
53,10,3191
53,11,4053
53,12,3004
53,13,3482
53,14,3435
53,15,3759
53,16,2757
53,17,5264
53,18,941
53,19,2967
53,20,743
53,21,1862
53,22,1641
53,23,1551
53,24,1734
53,25,2252
53,26,2828
53,27,5184
53,28,2541
53,29,965
53,30,3998
53,31,6420
53,32,431
53,33,2866
53,34,3523
53,35,2512
53,36,3223
53,37,964
53,38,774
53,39,1757
53,40,2497
53,41,5466
53,42,1980
53,43,2362
53,44,3158
53,45,2354
53,46,1807
53,47,2363
53,48,779
53,49,698
53,50,1098
53,51,2946
53,52,670
53,53,0
53,54,10233
53,55,6513
53,56,1189
53,57,3525
54,1,4547
54,2,3106
54,3,13342
54,4,9669
54,5,4163
54,6,10931
54,7,13534
54,8,11410
54,9,9577
54,10,7589
54,11,12216
54,12,11980
54,13,12872
54,14,13568
54,15,8448
54,16,9928
54,17,15397
54,18,9453
54,19,8557
54,20,10900
54,21,10573
54,22,11725
54,23,10543
54,24,8878
54,25,10306
54,26,12470
54,27,6211
54,28,11891
54,29,9807
54,30,8016
54,31,4178
54,32,9849
54,33,12235
54,34,13165
54,35,10070
54,36,8142
54,37,9406
54,38,9812
54,39,8824
54,40,8207
54,41,5208
54,42,10409
54,43,10661
54,44,12789
54,45,11870
54,46,10999
54,47,8549
54,48,9497
54,49,9871
54,50,11324
54,51,7356
54,52,10896
54,53,10257
54,54,0
54,55,4464
54,56,9236
54,57,10954
55,1,4400
55,2,2959
55,3,10939
55,4,5957
55,5,520
55,6,6773
55,7,8468
55,8,7231
55,9,5865
55,10,3900
55,11,9178
55,12,8414
55,13,9252
55,14,9417
55,15,4036
55,16,5770
55,17,11246
55,18,5741
55,19,4399
55,20,7188
55,21,7007
55,22,7748
55,23,6897
55,24,4733
55,25,6148
55,26,8291
55,27,1787
55,28,8271
55,29,6095
55,30,3592
55,31,532
55,32,6137
55,33,8615
55,34,8986
55,35,5912
55,36,5248
55,37,5664
55,38,5878
55,39,5082
55,40,4063
55,41,894
55,42,6230
55,43,6503
55,44,8610
55,45,8250
55,46,7379
55,47,5376
55,48,5785
55,49,6159
55,50,7170
55,51,3604
55,52,6777
55,53,6545
55,54,4486
55,55,0
55,56,5524
55,57,7596
56,1,7293
56,2,7140
56,3,6869
56,4,1101
56,5,5447
56,6,3666
56,7,4714
56,8,2414
56,9,1009
56,10,2165
56,11,4566
56,12,3541
56,13,4245
56,14,4481
56,15,3230
56,16,2348
56,17,6310
56,18,793
56,19,2438
56,20,1838
56,21,2131
56,22,2663
56,23,1975
56,24,819
56,25,2466
56,26,3625
56,27,4292
56,28,3266
56,29,1223
56,30,3150
56,31,5394
56,32,765
56,33,3610
56,34,4320
56,35,2429
56,36,2376
56,37,339
56,38,793
56,39,577
56,40,1650
56,41,4574
56,42,1485
56,43,2860
56,44,3955
56,45,3232
56,46,2446
56,47,1733
56,48,424
56,49,963
56,50,2144
56,51,1920
56,52,1716
56,53,1181
56,54,9207
56,55,5487
56,56,0
56,57,3689
57,1,9388
57,2,8845
57,3,10243
57,4,4421
57,5,6919
57,6,459
57,7,2988
57,8,2761
57,9,4352
57,10,5531
57,11,7536
57,12,6487
57,13,6787
57,14,4593
57,15,3169
57,16,1793
57,17,6074
57,18,4046
57,19,2377
57,20,4226
57,21,5355
57,22,4491
57,23,5038
57,24,3928
57,25,1494
57,26,2369
57,27,4973
57,28,6024
57,29,4485
57,30,3408
57,31,6866
57,32,3536
57,33,6211
57,34,2755
57,35,1310
57,36,6087
57,37,3529
57,38,3625
57,39,4135
57,40,3289
57,41,5855
57,42,2784
57,43,1518
57,44,2773
57,45,5659
57,46,5294
57,47,5555
57,48,3853
57,49,4095
57,50,3859
57,51,5286
57,52,3496
57,53,3510
57,54,10912
57,55,7540
57,56,3711
57,57,0
